seed,feature_set,fold,model,n_train,n_test,events_test,eval_times,brier_grid,inner_best_c,c_harrell,metric_failures,c_uno,auc_time_dependent,auc_at_last_time,integrated_brier
42,CV17,0,RSF,6450,1613,202,"7.000,10.000",0.152-14.769,,0.7774964519352698,,0.775098119379756,0.8186710690325444,0.8127402504427187,0.08915575818825285
42,CV17,1,RSF,6450,1613,202,"7.000,10.000",0.152-14.769,,0.7798158132510955,,0.7670959105423376,0.831116922460788,0.8285468981444781,0.08758820893834186
42,CV17,2,RSF,6450,1613,202,"7.000,10.000",0.152-14.769,,0.8052483804023421,,0.7929383286878031,0.8432647666268596,0.8391955299876578,0.0872375921623493
42,CV17,3,RSF,6451,1612,201,"7.000,10.000",0.147-14.306,,0.7830943337390046,,0.7738627825904251,0.8251500880272403,0.8201675391529619,0.08612283211619425
42,CV17,4,RSF,6451,1612,201,"7.000,10.000",0.152-14.769,,0.781867998414856,,0.7789249612843302,0.8296200428388935,0.8387990612414743,0.09005228869631504
42,CV17_THY_CONT,0,RSF,6450,1613,202,"7.000,10.000",0.152-14.769,,0.7887746789946171,,0.7780130217335799,0.8159742603033603,0.8021191539217278,0.08903612678442692
42,CV17_THY_CONT,1,RSF,6450,1613,202,"7.000,10.000",0.152-14.769,,0.7899838380581915,,0.7729079925248924,0.8336301840585105,0.8270933171099275,0.08666409058876232
42,CV17_THY_CONT,2,RSF,6450,1613,202,"7.000,10.000",0.152-14.769,,0.8088474863086643,,0.7910522249662091,0.8399296944395316,0.8346033378798657,0.08851188545210455
42,CV17_THY_CONT,3,RSF,6451,1612,201,"7.000,10.000",0.147-14.306,,0.7913665637329845,,0.7833910210995843,0.8240883574394786,0.8210697506668302,0.0862304908145717
42,CV17_THY_CONT,4,RSF,6451,1612,201,"7.000,10.000",0.152-14.769,,0.7887838281226697,,0.7805738077640635,0.8188350002911641,0.8229368689040688,0.09052689331025528
1,CV17,0,RSF,6450,1613,202,"7.000,10.000",0.152-14.769,,0.7890512853973639,,0.7792007087103663,0.8331733285899703,0.8384725346204431,0.08793294730404848
1,CV17,1,RSF,6450,1613,202,"7.000,10.000",0.147-14.306,,0.7869818297623892,,0.7725995651994316,0.8215261239291072,0.8150756007760869,0.08382008334459143
1,CV17,2,RSF,6450,1613,202,"7.000,10.000",0.152-14.769,,0.7791988113126768,,0.773346795710338,0.8247405846466015,0.8249664427842809,0.09395341196637219
1,CV17,3,RSF,6451,1612,201,"7.000,10.000",0.152-14.769,,0.7843356499002271,,0.7807841861297616,0.837188995602464,0.828030336219072,0.08990427032277348
1,CV17,4,RSF,6451,1612,201,"7.000,10.000",0.152-14.769,,0.7880881715126414,,0.7853740332474326,0.8317361334418305,0.8408139522368165,0.08456481415194837
1,CV17_THY_CONT,0,RSF,6450,1613,202,"7.000,10.000",0.152-14.769,,0.7984674735743181,,0.7898296526735138,0.8307865500247137,0.838505055147164,0.08824516008502228
1,CV17_THY_CONT,1,RSF,6450,1613,202,"7.000,10.000",0.147-14.306,,0.7921126660887103,,0.7772419255555442,0.8200925827418822,0.8149087259505876,0.08499111523137556
1,CV17_THY_CONT,2,RSF,6450,1613,202,"7.000,10.000",0.152-14.769,,0.7864895947885798,,0.7739135447296365,0.8219126780991708,0.8126934322224071,0.09424570462871942
1,CV17_THY_CONT,3,RSF,6451,1612,201,"7.000,10.000",0.152-14.769,,0.7949451248881855,,0.7746678194327908,0.8303550219720414,0.8079372717837404,0.08956935512919223
1,CV17_THY_CONT,4,RSF,6451,1612,201,"7.000,10.000",0.152-14.769,,0.8046288343297417,,0.7944857413327143,0.838293361675415,0.8393279242829337,0.08390031186059349
2,CV17,0,RSF,6450,1613,202,"7.000,10.000",0.152-14.769,,0.7707571456316297,,0.7606346217239539,0.8121205870795786,0.8105944318702429,0.08810564251884849
2,CV17,1,RSF,6450,1613,202,"7.000,10.000",0.152-14.769,,0.7429650930920846,,0.7471483899973641,0.7883000293369302,0.7969806095978572,0.09687665141199582
2,CV17,2,RSF,6450,1613,202,"7.000,10.000",0.152-14.769,,0.7851170641119095,,0.7737747316931929,0.8246292946054109,0.8202530203554975,0.08608339866675957
2,CV17,3,RSF,6451,1612,201,"7.000,10.000",0.143-13.886,,0.8213599875436836,,0.823123539568875,0.8757087945721916,0.8778319130468412,0.07984655256942252
2,CV17,4,RSF,6451,1612,201,"7.000,10.000",0.152-14.769,,0.8001207344394988,,0.7811068717589875,0.8411318488545059,0.832967474757195,0.08518776983346717
2,CV17_THY_CONT,0,RSF,6450,1613,202,"7.000,10.000",0.152-14.769,,0.7783645522125942,,0.7602180840086589,0.8088987178413449,0.7969521667403464,0.08787070423529166
2,CV17_THY_CONT,1,RSF,6450,1613,202,"7.000,10.000",0.152-14.769,,0.7569950252933397,,0.7568149106991071,0.7955774413352822,0.7975549780602142,0.09694669312223819
2,CV17_THY_CONT,2,RSF,6450,1613,202,"7.000,10.000",0.152-14.769,,0.7979190530736923,,0.7813412745285062,0.824827078446675,0.8170854900470093,0.08498319420010397
2,CV17_THY_CONT,3,RSF,6451,1612,201,"7.000,10.000",0.143-13.886,,0.825313137953704,,0.8189004812524547,0.865331347921632,0.8615775911044957,0.08100928599616601
2,CV17_THY_CONT,4,RSF,6451,1612,201,"7.000,10.000",0.152-14.769,,0.8037300139864897,,0.7879991806750467,0.8387064760255437,0.8360730149109397,0.08568949527449095
3,CV17,0,RSF,6450,1613,202,"7.000,10.000",0.152-14.769,,0.8072176275690547,,0.785822621850869,0.8457075773447562,0.8295553809457656,0.08846453383296995
3,CV17,1,RSF,6450,1613,202,"7.000,10.000",0.152-14.769,,0.7766434980955865,,0.764526809109456,0.8313743031925392,0.8294384724384976,0.08959584189086675
3,CV17,2,RSF,6450,1613,202,"7.000,10.000",0.152-14.769,,0.7729130973181116,,0.7686167865131367,0.8112353635345319,0.8211784079404364,0.08917361473647285
3,CV17,3,RSF,6451,1612,201,"7.000,10.000",0.152-14.769,,0.7831738746985333,,0.7908559101575898,0.8328004594700826,0.8380416785595742,0.08989814788775471
3,CV17,4,RSF,6451,1612,201,"7.000,10.000",0.147-14.306,,0.7850091407678245,,0.7875578270745782,0.826923603964655,0.8347538183100902,0.08272812683542789
3,CV17_THY_CONT,0,RSF,6450,1613,202,"7.000,10.000",0.152-14.769,,0.8190312332314087,,0.7888208732442902,0.8468434672802444,0.8201992129498445,0.08798644717403784
3,CV17_THY_CONT,1,RSF,6450,1613,202,"7.000,10.000",0.152-14.769,,0.7893740182049019,,0.7687289166895842,0.8306742046069554,0.8207651887767159,0.0885694536798754
3,CV17_THY_CONT,2,RSF,6450,1613,202,"7.000,10.000",0.152-14.769,,0.779371851198453,,0.7766685307011255,0.8074227775554567,0.8222725058943433,0.08950516447654372
3,CV17_THY_CONT,3,RSF,6451,1612,201,"7.000,10.000",0.152-14.769,,0.7886075896458472,,0.7948068557561542,0.8315025227850549,0.8349921515319872,0.08917730228614489
3,CV17_THY_CONT,4,RSF,6451,1612,201,"7.000,10.000",0.147-14.306,,0.7980485523574677,,0.7908220343394696,0.8262252049068635,0.8260579318845155,0.08344086886971755
4,CV17,0,RSF,6450,1613,202,"7.000,10.000",0.152-14.769,,0.7934539642103423,,0.7824935486156444,0.8198213981661967,0.8302288410812857,0.08503613809440425
4,CV17,1,RSF,6450,1613,202,"7.000,10.000",0.152-14.769,,0.7990556662196704,,0.7860766182141016,0.8407300855890709,0.8353876018259035,0.08754146846166601
4,CV17,2,RSF,6450,1613,202,"7.000,10.000",0.152-14.769,,0.7822386563048384,,0.7865058736447932,0.835707600625013,0.8453304599265827,0.0883831714529496
4,CV17,3,RSF,6451,1612,201,"7.000,10.000",0.147-14.306,,0.794213184707829,,0.7857475215801172,0.8342557863757492,0.8389150341448424,0.08784050691269284
4,CV17,4,RSF,6451,1612,201,"7.000,10.000",0.152-14.769,,0.7643818437376382,,0.7558308752806902,0.8220498479535749,0.8042150087669606,0.08935820142691724
4,CV17_THY_CONT,0,RSF,6450,1613,202,"7.000,10.000",0.152-14.769,,0.8038020787805376,,0.7873619402392056,0.8240539248859694,0.8299822206767884,0.08561757918622849
4,CV17_THY_CONT,1,RSF,6450,1613,202,"7.000,10.000",0.152-14.769,,0.8021412421287436,,0.7844070961405742,0.8322522195375804,0.8199839711217335,0.08733039093073215
4,CV17_THY_CONT,2,RSF,6450,1613,202,"7.000,10.000",0.152-14.769,,0.7932146736859698,,0.7953190295830327,0.8362039558366671,0.8437008080530519,0.08674971050324431
4,CV17_THY_CONT,3,RSF,6451,1612,201,"7.000,10.000",0.147-14.306,,0.8025124096490465,,0.7869272644081478,0.8239333027938605,0.8283819446663354,0.08872704630288218
4,CV17_THY_CONT,4,RSF,6451,1612,201,"7.000,10.000",0.152-14.769,,0.7736148401269222,,0.7669061292530358,0.8234213062736486,0.8026711015426855,0.08940707831243243
5,CV17,0,RSF,6450,1613,202,"7.000,10.000",0.147-14.306,,0.784676544994579,,0.7797219605737412,0.8305597161952366,0.8272203714550285,0.08521491362199972
5,CV17,1,RSF,6450,1613,202,"7.000,10.000",0.152-14.769,,0.7966559163892866,,0.8041181440400708,0.847252952140106,0.86136098571591,0.08896643357511436
5,CV17,2,RSF,6450,1613,202,"7.000,10.000",0.152-14.769,,0.7868237066630552,,0.7758037535368695,0.8378013188580868,0.8293540499925675,0.08831560217728807
5,CV17,3,RSF,6451,1612,201,"7.000,10.000",0.152-14.769,,0.7496247147832352,,0.7358912473389793,0.7888110048910987,0.7805515831331026,0.08829833662319478
5,CV17,4,RSF,6451,1612,201,"7.000,10.000",0.152-14.769,,0.8041602657255553,,0.7889913431703074,0.838367225319299,0.8346181652806504,0.09074594499956043
5,CV17_THY_CONT,0,RSF,6450,1613,202,"7.000,10.000",0.147-14.306,,0.794770296987606,,0.7908118222130545,0.8305868137221436,0.8319521448497683,0.08394909390590559
5,CV17_THY_CONT,1,RSF,6450,1613,202,"7.000,10.000",0.152-14.769,,0.8062794267285239,,0.8021897358010726,0.8484181473253293,0.8497275325212825,0.08875870027288255
5,CV17_THY_CONT,2,RSF,6450,1613,202,"7.000,10.000",0.152-14.769,,0.7981234764355363,,0.7823407743169488,0.8342896554363758,0.8243335392722171,0.08858710989694657
5,CV17_THY_CONT,3,RSF,6451,1612,201,"7.000,10.000",0.152-14.769,,0.757681552265436,,0.7339783565086665,0.7834739997931145,0.7667162940228642,0.08879062166121751
5,CV17_THY_CONT,4,RSF,6451,1612,201,"7.000,10.000",0.152-14.769,,0.8086526883952667,,0.7959574667542272,0.8368162903163625,0.8355418128912403,0.09123763545667794
6,CV17,0,RSF,6450,1613,202,"7.000,10.000",0.152-14.769,,0.7842126760387275,,0.7836137034340707,0.8283848517374748,0.8403174619753075,0.08457269001934638
6,CV17,1,RSF,6450,1613,202,"7.000,10.000",0.152-14.769,,0.7828982528263104,,0.783290627630407,0.8433019078346752,0.8425070997548298,0.08462311150918239
6,CV17,2,RSF,6450,1613,202,"7.000,10.000",0.152-14.769,,0.7924336090552895,,0.7734330484400295,0.8264059849358159,0.8141414608686911,0.09351130868358257
6,CV17,3,RSF,6451,1612,201,"7.000,10.000",0.152-14.769,,0.7646141053227148,,0.7567464290397143,0.8031985155062435,0.8032385591744752,0.09103746105004484
6,CV17,4,RSF,6451,1612,201,"7.000,10.000",0.143-13.886,,0.7885068809026291,,0.7773221273152402,0.8259492794011195,0.8257822477096498,0.08659015986032867
6,CV17_THY_CONT,0,RSF,6450,1613,202,"7.000,10.000",0.152-14.769,,0.8100803140876828,,0.8091522180752678,0.8454301743684389,0.8565540307525868,0.08322448559989246
6,CV17_THY_CONT,1,RSF,6450,1613,202,"7.000,10.000",0.152-14.769,,0.7980226104830421,,0.7981437734803062,0.8456797898613728,0.845636742403373,0.0843107634263816
6,CV17_THY_CONT,2,RSF,6450,1613,202,"7.000,10.000",0.152-14.769,,0.7928428384849804,,0.7716335302924413,0.8200632404903297,0.8004277768141465,0.09339596169783138
6,CV17_THY_CONT,3,RSF,6451,1612,201,"7.000,10.000",0.152-14.769,,0.7714593102502336,,0.7570163372734172,0.7971411087502137,0.7938875240653318,0.09229974081978803
6,CV17_THY_CONT,4,RSF,6451,1612,201,"7.000,10.000",0.143-13.886,,0.7913578804829827,,0.7670871902340058,0.8154407670947349,0.803793806673299,0.08670575869135712
7,CV17,0,RSF,6450,1613,202,"7.000,10.000",0.152-14.769,,0.7783532413897306,,0.7641799420345343,0.8214085725090278,0.805507318836969,0.0885688680588965
7,CV17,1,RSF,6450,1613,202,"7.000,10.000",0.147-14.306,,0.7948118942578247,,0.7831798785118242,0.8398335551361849,0.8311692359148768,0.08552244118450031
7,CV17,2,RSF,6450,1613,202,"7.000,10.000",0.152-14.769,,0.7743679206907687,,0.7653469362276446,0.8178932716861694,0.824157917585799,0.088572390244469
7,CV17,3,RSF,6451,1612,201,"7.000,10.000",0.152-14.769,,0.800224009774972,,0.793972337712865,0.8271892562537002,0.8307793475985941,0.08630824305109785
7,CV17,4,RSF,6451,1612,201,"7.000,10.000",0.152-14.769,,0.7799423414817216,,0.7851167684376084,0.8378694564775003,0.8518452958541695,0.08923754194944229
7,CV17_THY_CONT,0,RSF,6450,1613,202,"7.000,10.000",0.152-14.769,,0.7893999043070233,,0.7655261378661681,0.8227247229222768,0.7970386322953478,0.08879691904599643
7,CV17_THY_CONT,1,RSF,6450,1613,202,"7.000,10.000",0.147-14.306,,0.7972088095320804,,0.7784328785909919,0.8324975650636167,0.8169939029503535,0.08663990254138759
7,CV17_THY_CONT,2,RSF,6450,1613,202,"7.000,10.000",0.152-14.769,,0.7891838848607098,,0.7831937950071779,0.824546382963991,0.8293375923530532,0.08742885873335217
7,CV17_THY_CONT,3,RSF,6451,1612,201,"7.000,10.000",0.152-14.769,,0.8075976648678003,,0.8020693758149807,0.8268902199646702,0.8346712109527479,0.0856820996183833
7,CV17_THY_CONT,4,RSF,6451,1612,201,"7.000,10.000",0.152-14.769,,0.791341839954965,,0.7881768895549033,0.833512820310827,0.8454599108461112,0.08999154482148405
8,CV17,0,RSF,6450,1613,202,"7.000,10.000",0.147-14.306,,0.7848805958688474,,0.7799037553747996,0.8281586657095056,0.8270629210844475,0.08551301190921312
8,CV17,1,RSF,6450,1613,202,"7.000,10.000",0.152-14.769,,0.7860045118848646,,0.7763042089212552,0.8398331846648643,0.8245852284127018,0.088056525867199
8,CV17,2,RSF,6450,1613,202,"7.000,10.000",0.152-14.769,,0.7857286099170816,,0.770121577759809,0.8269397617838204,0.8209548602775603,0.0881297454257087
8,CV17,3,RSF,6451,1612,201,"7.000,10.000",0.152-14.769,,0.77401852630856,,0.7654466673955137,0.8106485577361621,0.809154317732749,0.08954668206609706
8,CV17,4,RSF,6451,1612,201,"7.000,10.000",0.152-14.769,,0.7884803570072801,,0.7889016182417734,0.8259414061844219,0.8455020462526731,0.08857651297774112
8,CV17_THY_CONT,0,RSF,6450,1613,202,"7.000,10.000",0.147-14.306,,0.8034289760850462,,0.795189982270397,0.836238548034324,0.8312310252450856,0.08459257984728213
8,CV17_THY_CONT,1,RSF,6450,1613,202,"7.000,10.000",0.152-14.769,,0.8007813464847642,,0.7858504949283119,0.8450754171653512,0.825392134671978,0.0887238563663068
8,CV17_THY_CONT,2,RSF,6450,1613,202,"7.000,10.000",0.152-14.769,,0.7924248633284215,,0.7706558260406937,0.8197214172222187,0.8088351130701796,0.08907643605516323
8,CV17_THY_CONT,3,RSF,6451,1612,201,"7.000,10.000",0.152-14.769,,0.7796888816393809,,0.7624992460231534,0.8051728650931717,0.7963572091675207,0.09004944987778073
8,CV17_THY_CONT,4,RSF,6451,1612,201,"7.000,10.000",0.152-14.769,,0.793151736529977,,0.7885183950395505,0.8180153213610909,0.8352433652899759,0.08945436923959543
9,CV17,0,RSF,6450,1613,202,"7.000,10.000",0.147-14.306,,0.7822642959384883,,0.7810664798410835,0.822956564252137,0.8419057777783214,0.08356543234680913
9,CV17,1,RSF,6450,1613,202,"7.000,10.000",0.152-14.769,,0.768116958388852,,0.7604935253032508,0.8116050335896948,0.817872963891666,0.08844547970471818
9,CV17,2,RSF,6450,1613,202,"7.000,10.000",0.152-14.769,,0.7985894146832957,,0.7856287936384934,0.8377483936430884,0.8305235763676414,0.09017060651858015
9,CV17,3,RSF,6451,1612,201,"7.000,10.000",0.152-14.769,,0.7651894702408623,,0.7511564104328499,0.8084287872178966,0.7962127408498523,0.08950244450908502
9,CV17,4,RSF,6451,1612,201,"7.000,10.000",0.152-14.769,,0.7994491006480913,,0.8054866682658751,0.856434653409079,0.8557397483808477,0.08862422352553445
9,CV17_THY_CONT,0,RSF,6450,1613,202,"7.000,10.000",0.147-14.306,,0.7899954820485321,,0.7836566495480168,0.8230544722511388,0.8338987568878544,0.08252009301326937
9,CV17_THY_CONT,1,RSF,6450,1613,202,"7.000,10.000",0.152-14.769,,0.7763467829430183,,0.76312296415979,0.809254469480456,0.8107273594478801,0.0884177776477552
9,CV17_THY_CONT,2,RSF,6450,1613,202,"7.000,10.000",0.152-14.769,,0.8083940833312167,,0.7928354477842925,0.8384996531968175,0.8274993906739734,0.0911801395363666
9,CV17_THY_CONT,3,RSF,6451,1612,201,"7.000,10.000",0.152-14.769,,0.7778222543601399,,0.7584507313838551,0.8094301786503248,0.7957339483765691,0.08949610944791457
9,CV17_THY_CONT,4,RSF,6451,1612,201,"7.000,10.000",0.152-14.769,,0.8167082892047263,,0.8165789910717932,0.8592178144995798,0.8530217498281879,0.08869948632325816
