cohort,feature_set,method,brier_score,roc_auc,f1_macro_default,selected_threshold,f1_macro_selected_threshold,model,sampler,best_params,selection_source,selection_score,n_train,n_test
strict,CV17,base,0.14183096476164153,0.843862373324616,0.7317821366292021,0.66,0.7448245025709814,LogisticRegression,SVMSMOTE,"{'clf__penalty': 'l2', 'clf__C': 0.1}",tuning,0.7346745809280739,3073,1317
strict,CV17,isotonic,0.10850137743801228,0.8445626170168503,0.6925547586273515,0.66,0.6171373147405128,LogisticRegression,SVMSMOTE,"{'clf__penalty': 'l2', 'clf__C': 0.1}",tuning,0.7346745809280739,3073,1317
strict,CV17,sigmoid,0.10881295948005977,0.8446201967369017,0.6973165562760938,0.66,0.6065923681037573,LogisticRegression,SVMSMOTE,"{'clf__penalty': 'l2', 'clf__C': 0.1}",tuning,0.7346745809280739,3073,1317
strict,CV17_THY26,base,0.11477807570236132,0.8373057148800858,0.748970347503046,0.485,0.7478646324222431,HistGradientBoosting,SVMSMOTE,"{'clf__min_samples_leaf': 40, 'clf__max_iter': 100, 'clf__max_depth': None, 'clf__learning_rate': 0.05}",tuning,0.7350160549489098,3073,1317
strict,CV17_THY26,isotonic,0.10435263580008176,0.8452238550922762,0.709124175834395,0.485,0.7167868958783977,HistGradientBoosting,SVMSMOTE,"{'clf__min_samples_leaf': 40, 'clf__max_iter': 100, 'clf__max_depth': None, 'clf__learning_rate': 0.05}",tuning,0.7350160549489098,3073,1317
strict,CV17_THY26,sigmoid,0.10480465509750865,0.8458832357573778,0.7158797771066088,0.485,0.718819949479059,HistGradientBoosting,SVMSMOTE,"{'clf__min_samples_leaf': 40, 'clf__max_iter': 100, 'clf__max_depth': None, 'clf__learning_rate': 0.05}",tuning,0.7350160549489098,3073,1317
strict,CV17_BIN,base,0.11921071364464352,0.8463401586971381,0.7534501823067933,0.535,0.7571463738324039,XGBoost,SVMSMOTE,"{'clf__subsample': 1.0, 'clf__n_estimators': 200, 'clf__max_depth': 3, 'clf__learning_rate': 0.05, 'clf__colsample_bytree': 0.9}",tuning,0.7301622561293353,3073,1317
strict,CV17_BIN,isotonic,0.10552632232561313,0.8478186573152249,0.7152801798685575,0.535,0.6904476380521125,XGBoost,SVMSMOTE,"{'clf__subsample': 1.0, 'clf__n_estimators': 200, 'clf__max_depth': 3, 'clf__learning_rate': 0.05, 'clf__colsample_bytree': 0.9}",tuning,0.7301622561293353,3073,1317
strict,CV17_BIN,sigmoid,0.10539045507595886,0.8480675502986716,0.7266632003006126,0.535,0.7167547396713618,XGBoost,SVMSMOTE,"{'clf__subsample': 1.0, 'clf__n_estimators': 200, 'clf__max_depth': 3, 'clf__learning_rate': 0.05, 'clf__colsample_bytree': 0.9}",tuning,0.7301622561293353,3073,1317
strict,CV17_ORD,base,0.139315710148094,0.8453705905078903,0.729674560229631,0.64,0.7532002765446474,LogisticRegression,SVMSMOTE,"{'clf__penalty': 'l2', 'clf__C': 1}",tuning,0.7336971142617454,3073,1317
strict,CV17_ORD,isotonic,0.1076146430070313,0.8454597462034533,0.7062890276538805,0.64,0.6391851096842884,LogisticRegression,SVMSMOTE,"{'clf__penalty': 'l2', 'clf__C': 1}",tuning,0.7336971142617454,3073,1317
strict,CV17_ORD,sigmoid,0.10831223887447325,0.8452071383993581,0.6981875,0.64,0.6199134199134199,LogisticRegression,SVMSMOTE,"{'clf__penalty': 'l2', 'clf__C': 1}",tuning,0.7336971142617454,3073,1317
strict,CV17_CONT,base,0.13955727653189784,0.8427182085648904,0.7336182429126024,0.62,0.7483028441569382,LogisticRegression,SVMSMOTE,"{'clf__penalty': 'l2', 'clf__C': 0.01}",tuning,0.7327301353653857,3073,1317
strict,CV17_CONT,isotonic,0.10985207784743967,0.8416892032452672,0.68355068503477,0.62,0.6422285975423987,LogisticRegression,SVMSMOTE,"{'clf__penalty': 'l2', 'clf__C': 0.01}",tuning,0.7327301353653857,3073,1317
strict,CV17_CONT,sigmoid,0.10996464933638389,0.842365300603287,0.6920902777777778,0.62,0.6262613902629524,LogisticRegression,SVMSMOTE,"{'clf__penalty': 'l2', 'clf__C': 0.01}",tuning,0.7327301353653857,3073,1317
strict,CV17_CAT,base,0.1401526424103389,0.8415034622128443,0.7278838453406797,0.64,0.744682618810236,LogisticRegression,SVMSMOTE,"{'clf__penalty': 'l2', 'clf__C': 0.01}",tuning,0.724616054602386,3073,1317
strict,CV17_CAT,isotonic,0.10964753289612451,0.8408700852922822,0.6881904222944686,0.64,0.6381224288989145,LogisticRegression,SVMSMOTE,"{'clf__penalty': 'l2', 'clf__C': 0.01}",tuning,0.724616054602386,3073,1317
strict,CV17_CAT,sigmoid,0.10986108664524757,0.8401512674968052,0.7002949261774291,0.64,0.6300878887577553,LogisticRegression,SVMSMOTE,"{'clf__penalty': 'l2', 'clf__C': 0.01}",tuning,0.724616054602386,3073,1317
strict,CV17_RATIO,base,0.11538312724305194,0.8346124699099527,0.7450638792102207,0.515,0.7460627188449613,XGBoost,SVMSMOTE,"{'clf__subsample': 0.8, 'clf__n_estimators': 100, 'clf__max_depth': 7, 'clf__learning_rate': 0.05, 'clf__colsample_bytree': 0.7}",tuning,0.7336762761735582,3073,1317
strict,CV17_RATIO,isotonic,0.10556340250635086,0.8402887158607982,0.7073333333333334,0.515,0.70216535062096,XGBoost,SVMSMOTE,"{'clf__subsample': 0.8, 'clf__n_estimators': 100, 'clf__max_depth': 7, 'clf__learning_rate': 0.05, 'clf__colsample_bytree': 0.7}",tuning,0.7336762761735582,3073,1317
strict,CV17_RATIO,sigmoid,0.10537036025523966,0.840537608844245,0.7202213786560456,0.515,0.7125966044968086,XGBoost,SVMSMOTE,"{'clf__subsample': 0.8, 'clf__n_estimators': 100, 'clf__max_depth': 7, 'clf__learning_rate': 0.05, 'clf__colsample_bytree': 0.7}",tuning,0.7336762761735582,3073,1317
strict,CV17_RATIO_ONLY,base,0.11820281866945519,0.8295826027519392,0.7464351320054504,0.535,0.7459155133038653,XGBoost,SVMSMOTE,"{'clf__subsample': 0.8, 'clf__n_estimators': 100, 'clf__max_depth': 7, 'clf__learning_rate': 0.05, 'clf__colsample_bytree': 0.8}",tuning,0.7327688713601931,3073,1317
strict,CV17_RATIO_ONLY,isotonic,0.10636332042300276,0.8381118309608012,0.7025196835874836,0.535,0.6936063356230093,XGBoost,SVMSMOTE,"{'clf__subsample': 0.8, 'clf__n_estimators': 100, 'clf__max_depth': 7, 'clf__learning_rate': 0.05, 'clf__colsample_bytree': 0.8}",tuning,0.7327688713601931,3073,1317
strict,CV17_RATIO_ONLY,sigmoid,0.1056058631262081,0.8391668400249637,0.7247395294900261,0.535,0.7082271528870836,XGBoost,SVMSMOTE,"{'clf__subsample': 0.8, 'clf__n_estimators': 100, 'clf__max_depth': 7, 'clf__learning_rate': 0.05, 'clf__colsample_bytree': 0.8}",tuning,0.7327688713601931,3073,1317
competing,CV17,base,0.15458326225599817,0.7983903097564541,0.6600743391753645,0.645,0.6604735228761106,LogisticRegression,SVMSMOTE,"{'clf__penalty': 'l2', 'clf__C': 1}",tuning,0.6545588844998436,3805,1632
competing,CV17,isotonic,0.1096618766475056,0.7977282042609786,0.5631455861925382,0.645,0.5167506849778644,LogisticRegression,SVMSMOTE,"{'clf__penalty': 'l2', 'clf__C': 1}",tuning,0.6545588844998436,3805,1632
competing,CV17,sigmoid,0.10938637152975703,0.7977826631545457,0.560063105702051,0.645,0.5006595875947374,LogisticRegression,SVMSMOTE,"{'clf__penalty': 'l2', 'clf__C': 1}",tuning,0.6545588844998436,3805,1632
competing,CV17_THY26,base,0.1320298416693549,0.7971592521360784,0.6615035070262532,0.52,0.6664244186046512,XGBoost,SVMSMOTE,"{'clf__subsample': 0.9, 'clf__n_estimators': 100, 'clf__max_depth': 3, 'clf__learning_rate': 0.05, 'clf__colsample_bytree': 0.7}",tuning,0.6499227340222944,3805,1632
competing,CV17_THY26,isotonic,0.10946753488811727,0.798188238598744,0.5600309068451894,0.52,0.5568569062348676,XGBoost,SVMSMOTE,"{'clf__subsample': 0.9, 'clf__n_estimators': 100, 'clf__max_depth': 3, 'clf__learning_rate': 0.05, 'clf__colsample_bytree': 0.7}",tuning,0.6499227340222944,3805,1632
competing,CV17_THY26,sigmoid,0.10966482766026761,0.7989377649496828,0.5703366053498626,0.52,0.5514326942898372,XGBoost,SVMSMOTE,"{'clf__subsample': 0.9, 'clf__n_estimators': 100, 'clf__max_depth': 3, 'clf__learning_rate': 0.05, 'clf__colsample_bytree': 0.7}",tuning,0.6499227340222944,3805,1632
competing,CV17_BIN,base,0.15206725474660102,0.8016406458251526,0.6553445946532357,0.6,0.6779120870387589,LogisticRegression,SVMSMOTE,"{'clf__penalty': 'l2', 'clf__C': 0.01}",tuning,0.6537180564281567,3805,1632
competing,CV17_BIN,isotonic,0.1091183501518923,0.8002232814636256,0.5541633277482334,0.6,0.5171410278796345,LogisticRegression,SVMSMOTE,"{'clf__penalty': 'l2', 'clf__C': 0.01}",tuning,0.6537180564281567,3805,1632
competing,CV17_BIN,sigmoid,0.10884033113632169,0.8017037034913883,0.5722803415816716,0.6,0.5070416457589233,LogisticRegression,SVMSMOTE,"{'clf__penalty': 'l2', 'clf__C': 0.01}",tuning,0.6537180564281567,3805,1632
competing,CV17_ORD,base,0.15714972971565655,0.7964011270124711,0.6555995866099966,0.635,0.6672747054734931,LogisticRegression,SVMSMOTE,"{'clf__penalty': 'l2', 'clf__C': 5}",tuning,0.6536082898655603,3805,1632
competing,CV17_ORD,isotonic,0.10933781582081054,0.7951571712330926,0.584203821656051,0.635,0.521503695367864,LogisticRegression,SVMSMOTE,"{'clf__penalty': 'l2', 'clf__C': 5}",tuning,0.6536082898655603,3805,1632
competing,CV17_ORD,sigmoid,0.10942839249740337,0.7953578092620247,0.5697942112015184,0.635,0.5040551581212761,LogisticRegression,SVMSMOTE,"{'clf__penalty': 'l2', 'clf__C': 5}",tuning,0.6536082898655603,3805,1632
competing,CV17_CONT,base,0.1550076389151966,0.7923138437373706,0.6617663443980744,0.615,0.6615035070262532,LogisticRegression,SVMSMOTE,"{'clf__penalty': 'l2', 'clf__C': 0.01}",tuning,0.6515209136302966,3805,1632
competing,CV17_CONT,isotonic,0.10996352065225855,0.7919326314823998,0.559550076613876,0.615,0.529913243237797,LogisticRegression,SVMSMOTE,"{'clf__penalty': 'l2', 'clf__C': 0.01}",tuning,0.6515209136302966,3805,1632
competing,CV17_CONT,sigmoid,0.10955412692329909,0.7926491958714427,0.5695716061941901,0.615,0.5103258493429005,LogisticRegression,SVMSMOTE,"{'clf__penalty': 'l2', 'clf__C': 0.01}",tuning,0.6515209136302966,3805,1632
competing,CV17_CAT,base,0.15325536778621957,0.7946928375089929,0.638878817654611,0.64,0.6550724637681159,LogisticRegression,SVMSMOTE,"{'clf__penalty': 'l2', 'clf__C': 0.01}",tuning,0.6535083105226,3805,1632
competing,CV17_CAT,isotonic,0.10926032578347247,0.7980821870691657,0.5631455861925382,0.64,0.5206955773453921,LogisticRegression,SVMSMOTE,"{'clf__penalty': 'l2', 'clf__C': 0.01}",tuning,0.6535083105226,3805,1632
competing,CV17_CAT,sigmoid,0.1097379891222674,0.796934250917919,0.5626241147215437,0.64,0.49309090909090914,LogisticRegression,SVMSMOTE,"{'clf__penalty': 'l2', 'clf__C': 0.01}",tuning,0.6535083105226,3805,1632
competing,CV17_RATIO,base,0.1557075762413812,0.7843743103067755,0.6462036414401398,0.645,0.6631173540325644,LogisticRegression,SVMSMOTE,"{'clf__penalty': 'l2', 'clf__C': 1}",tuning,0.6536101078667906,3805,1632
competing,CV17_RATIO,isotonic,0.11053186483242694,0.7830629974748271,0.5692540206659767,0.645,0.5147058823529411,LogisticRegression,SVMSMOTE,"{'clf__penalty': 'l2', 'clf__C': 1}",tuning,0.6536101078667906,3805,1632
competing,CV17_RATIO,sigmoid,0.11043374673768225,0.7841450097022817,0.5687160110948523,0.645,0.489265301933576,LogisticRegression,SVMSMOTE,"{'clf__penalty': 'l2', 'clf__C': 1}",tuning,0.6536101078667906,3805,1632
competing,CV17_RATIO_ONLY,base,0.1883516314624871,0.7795761951577445,0.6306289623483751,0.696,0.6594749273255813,LogisticRegression,SMOTE,{},robust_cv,0.6468306628559716,3805,1632
competing,CV17_RATIO_ONLY,isotonic,0.11153423888725597,0.7804332061670398,0.557976466339643,0.696,0.4999900364665325,LogisticRegression,SMOTE,{},robust_cv,0.6468306628559716,3805,1632
competing,CV17_RATIO_ONLY,sigmoid,0.11150201806702324,0.7796679153995419,0.5641948154837423,0.696,0.47787407088571815,LogisticRegression,SMOTE,{},robust_cv,0.6468306628559716,3805,1632
