model,horizon,feature_set,mode,feature,members,baseline_f1,knockout_f1,importance,is_thyroid,cache_key
ENS_STACK,7,CV17,multi,cluster_2,"Previous_CABG, Previous_PCI, Previous_MI, PostIsch_DCM, fe",0.7563110610097697,0.6629978565375605,1.1407443531711068,False,9d0978a842ec6ce00a35
ENS_STACK,7,CV17,multi,cluster_4,Age,0.7563110610097697,0.665852311092014,1.1358540751618045,False,9d0978a842ec6ce00a35
ENS_STACK,7,CV17,multi,cluster_1,"Angina, Angiography, Vessels, Ischemia, Dyslipidemia, AFib",0.7563110610097697,0.7062006863240585,1.070957697515911,False,9d0978a842ec6ce00a35
ENS_STACK,7,CV17,multi,cluster_6,Diabetes,0.7563110610097697,0.7477889972144847,1.0113963482038781,False,9d0978a842ec6ce00a35
ENS_STACK,7,CV17,multi,cluster_7,Acute_MI,0.7563110610097697,0.7516103760445683,1.006254151239821,False,9d0978a842ec6ce00a35
ENS_STACK,7,CV17,multi,cluster_5,Hypertension,0.7563110610097697,0.7542358796721512,1.002751369158572,False,9d0978a842ec6ce00a35
ENS_STACK,7,CV17,multi,cluster_3,"Gender, Smoke",0.7563110610097697,0.7624919326152384,0.9918938531136072,False,9d0978a842ec6ce00a35
ENS_STACK,7,CV17,single,Age,Age,0.7563110610097697,0.665852311092014,1.1358540751618045,False,9d0978a842ec6ce00a35
ENS_STACK,7,CV17,single,fe,fe,0.7563110610097697,0.6873851246668015,1.1002726621068197,False,9d0978a842ec6ce00a35
ENS_STACK,7,CV17,single,Vessels,Vessels,0.7563110610097697,0.7413621458904478,1.020164119792449,False,9d0978a842ec6ce00a35
ENS_STACK,7,CV17,single,Dyslipidemia,Dyslipidemia,0.7563110610097697,0.7427403809083197,1.0182710950559253,False,9d0978a842ec6ce00a35
ENS_STACK,7,CV17,single,Diabetes,Diabetes,0.7563110610097697,0.7477889972144847,1.0113963482038781,False,9d0978a842ec6ce00a35
ENS_STACK,7,CV17,single,Angina,Angina,0.7563110610097697,0.7516103760445683,1.006254151239821,False,9d0978a842ec6ce00a35
ENS_STACK,7,CV17,single,Acute_MI,Acute_MI,0.7563110610097697,0.7516103760445683,1.006254151239821,False,9d0978a842ec6ce00a35
ENS_STACK,7,CV17,single,PostIsch_DCM,PostIsch_DCM,0.7563110610097697,0.75256200040992,1.004981729874492,False,9d0978a842ec6ce00a35
ENS_STACK,7,CV17,single,AFib,AFib,0.7563110610097697,0.7526893511799172,1.0048116926646766,False,9d0978a842ec6ce00a35
ENS_STACK,7,CV17,single,Previous_MI,Previous_MI,0.7563110610097697,0.7539916545968688,1.0030761698737118,False,9d0978a842ec6ce00a35
ENS_STACK,7,CV17,single,Hypertension,Hypertension,0.7563110610097697,0.7542358796721512,1.002751369158572,False,9d0978a842ec6ce00a35
ENS_STACK,7,CV17,single,Angiography,Angiography,0.7563110610097697,0.7552991299726266,1.001339775192353,False,9d0978a842ec6ce00a35
ENS_STACK,7,CV17,single,Previous_PCI,Previous_PCI,0.7563110610097697,0.7561498913446758,1.0002131451276246,False,9d0978a842ec6ce00a35
ENS_STACK,7,CV17,single,Previous_CABG,Previous_CABG,0.7563110610097697,0.7572737881943785,0.9987286933740249,False,9d0978a842ec6ce00a35
ENS_STACK,7,CV17,single,Ischemia,Ischemia,0.7563110610097697,0.7592531337047354,0.9961250437247327,False,9d0978a842ec6ce00a35
ENS_STACK,7,CV17,single,Smoke,Smoke,0.7563110610097697,0.7600601216096194,0.9950674157303371,False,9d0978a842ec6ce00a35
ENS_STACK,7,CV17,single,Gender,Gender,0.7563110610097697,0.7611798206468613,0.9936036669588088,False,9d0978a842ec6ce00a35
ENS_STACK,7,CV17_THY_CONT_STATES,multi,cluster_5,"Gender, Angina, Previous_CABG, Previous_PCI, Previous_MI, Angiography, Vessels, Ischemia, PostIsch_DCM, Smoke, Dyslipidemia, AFib, fe",0.7401609583292843,0.5503040676339778,1.3450036113881418,False,9d0978a842ec6ce00a35
ENS_STACK,7,CV17_THY_CONT_STATES,multi,cluster_2,"Age, fT3, Low_T3",0.7401609583292843,0.6455951030585446,1.1464785820442696,True,9d0978a842ec6ce00a35
ENS_STACK,7,CV17_THY_CONT_STATES,multi,cluster_7,Hypertension,0.7401609583292843,0.722794991130221,1.0240261310775112,False,9d0978a842ec6ce00a35
ENS_STACK,7,CV17_THY_CONT_STATES,multi,cluster_3,Acute_MI,0.7401609583292843,0.7309778293668633,1.0125628009407275,False,9d0978a842ec6ce00a35
ENS_STACK,7,CV17_THY_CONT_STATES,multi,cluster_6,Diabetes,0.7401609583292843,0.7346703296703296,1.0074735952129965,False,9d0978a842ec6ce00a35
ENS_STACK,7,CV17_THY_CONT_STATES,multi,cluster_1,"TSH, fT4, SCH, SCT, Hyperthyroid",0.7401609583292843,0.736064931634131,1.0055647627255653,True,9d0978a842ec6ce00a35
ENS_STACK,7,CV17_THY_CONT_STATES,multi,cluster_4,Hypothyroid,0.7401609583292843,0.7401609583292843,1.0,True,9d0978a842ec6ce00a35
ENS_STACK,7,CV17_THY_CONT_STATES,single,Age,Age,0.7401609583292843,0.6588484634404803,1.1234160803292967,False,9d0978a842ec6ce00a35
ENS_STACK,7,CV17_THY_CONT_STATES,single,fe,fe,0.7401609583292843,0.7128871720980614,1.0382582087302186,False,9d0978a842ec6ce00a35
ENS_STACK,7,CV17_THY_CONT_STATES,single,AFib,AFib,0.7401609583292843,0.7215274757140786,1.0258250492772498,False,9d0978a842ec6ce00a35
ENS_STACK,7,CV17_THY_CONT_STATES,single,Hypertension,Hypertension,0.7401609583292843,0.722794991130221,1.0240261310775112,False,9d0978a842ec6ce00a35
ENS_STACK,7,CV17_THY_CONT_STATES,single,Dyslipidemia,Dyslipidemia,0.7401609583292843,0.7236949278045168,1.0227527234089102,False,9d0978a842ec6ce00a35
ENS_STACK,7,CV17_THY_CONT_STATES,single,PostIsch_DCM,PostIsch_DCM,0.7401609583292843,0.7251728487124958,1.0206683270662975,False,9d0978a842ec6ce00a35
ENS_STACK,7,CV17_THY_CONT_STATES,single,Ischemia,Ischemia,0.7401609583292843,0.7255056546324489,1.0202001233253792,False,9d0978a842ec6ce00a35
ENS_STACK,7,CV17_THY_CONT_STATES,single,Angiography,Angiography,0.7401609583292843,0.7266300366300367,1.0186214731254455,False,9d0978a842ec6ce00a35
ENS_STACK,7,CV17_THY_CONT_STATES,single,Vessels,Vessels,0.7401609583292843,0.726923597025017,1.0182101136329074,False,9d0978a842ec6ce00a35
ENS_STACK,7,CV17_THY_CONT_STATES,single,TSH,TSH,0.7401609583292843,0.7305151122834468,1.0132041704321304,True,9d0978a842ec6ce00a35
ENS_STACK,7,CV17_THY_CONT_STATES,single,Acute_MI,Acute_MI,0.7401609583292843,0.7309778293668633,1.0125628009407275,False,9d0978a842ec6ce00a35
ENS_STACK,7,CV17_THY_CONT_STATES,single,Previous_MI,Previous_MI,0.7401609583292843,0.7334620124691895,1.0091333235344293,False,9d0978a842ec6ce00a35
ENS_STACK,7,CV17_THY_CONT_STATES,single,Diabetes,Diabetes,0.7401609583292843,0.7346703296703296,1.0074735952129965,False,9d0978a842ec6ce00a35
ENS_STACK,7,CV17_THY_CONT_STATES,single,Angina,Angina,0.7401609583292843,0.7348388550822628,1.0072425446888293,False,9d0978a842ec6ce00a35
ENS_STACK,7,CV17_THY_CONT_STATES,single,Low_T3,Low_T3,0.7401609583292843,0.7361968142354882,1.0053846254386645,True,9d0978a842ec6ce00a35
ENS_STACK,7,CV17_THY_CONT_STATES,single,SCH,SCH,0.7401609583292843,0.7374939023430739,1.0036163770001854,True,9d0978a842ec6ce00a35
ENS_STACK,7,CV17_THY_CONT_STATES,single,Previous_PCI,Previous_PCI,0.7401609583292843,0.7375362512827377,1.0035587498810827,False,9d0978a842ec6ce00a35
ENS_STACK,7,CV17_THY_CONT_STATES,single,Gender,Gender,0.7401609583292843,0.7375675011457759,1.0035162302833025,False,9d0978a842ec6ce00a35
ENS_STACK,7,CV17_THY_CONT_STATES,single,SCT,SCT,0.7401609583292843,0.7401609583292843,1.0,True,9d0978a842ec6ce00a35
ENS_STACK,7,CV17_THY_CONT_STATES,single,Hypothyroid,Hypothyroid,0.7401609583292843,0.7401609583292843,1.0,True,9d0978a842ec6ce00a35
ENS_STACK,7,CV17_THY_CONT_STATES,single,Previous_CABG,Previous_CABG,0.7401609583292843,0.7414553900176903,0.998254201526035,False,9d0978a842ec6ce00a35
ENS_STACK,7,CV17_THY_CONT_STATES,single,Hyperthyroid,Hyperthyroid,0.7401609583292843,0.7414553900176903,0.998254201526035,True,9d0978a842ec6ce00a35
ENS_STACK,7,CV17_THY_CONT_STATES,single,Smoke,Smoke,0.7401609583292843,0.7427551672704027,0.9965073161986177,False,9d0978a842ec6ce00a35
ENS_STACK,7,CV17_THY_CONT_STATES,single,fT4,fT4,0.7401609583292843,0.7453059071729957,0.9930968629200504,True,9d0978a842ec6ce00a35
ENS_STACK,7,CV17_THY_CONT_STATES,single,fT3,fT3,0.7401609583292843,0.7572312029187827,0.97745702432269,True,9d0978a842ec6ce00a35
ENS_STACK,7,CV17_THY_ABNORMAL_BIN,multi,cluster_5,"Gender, Age, Smoke",0.7414553900176903,0.6583724893367613,1.1261943687298144,False,9d0978a842ec6ce00a35
ENS_STACK,7,CV17_THY_ABNORMAL_BIN,multi,cluster_4,"Previous_CABG, Previous_PCI, Previous_MI, PostIsch_DCM, fe",0.7414553900176903,0.6671180198234307,1.1114306134526766,False,9d0978a842ec6ce00a35
ENS_STACK,7,CV17_THY_ABNORMAL_BIN,multi,cluster_3,"Angina, Angiography, Vessels, Ischemia, Dyslipidemia, AFib",0.7414553900176903,0.6884934150772025,1.0769244465969934,False,9d0978a842ec6ce00a35
ENS_STACK,7,CV17_THY_ABNORMAL_BIN,multi,cluster_1,Diabetes,0.7414553900176903,0.7322594532539284,1.0125583039220567,False,9d0978a842ec6ce00a35
ENS_STACK,7,CV17_THY_ABNORMAL_BIN,multi,cluster_2,Hypertension,0.7414553900176903,0.7349051603250112,1.00891302721263,False,9d0978a842ec6ce00a35
ENS_STACK,7,CV17_THY_ABNORMAL_BIN,multi,cluster_7,Acute_MI,0.7414553900176903,0.7440715361986081,0.9964840125530356,False,9d0978a842ec6ce00a35
ENS_STACK,7,CV17_THY_ABNORMAL_BIN,multi,cluster_6,Thyroid_abnormal,0.7414553900176903,0.7544481142126571,0.9827785053071197,True,9d0978a842ec6ce00a35
ENS_STACK,7,CV17_THY_ABNORMAL_BIN,single,Age,Age,0.7414553900176903,0.6583724893367613,1.1261943687298144,False,9d0978a842ec6ce00a35
ENS_STACK,7,CV17_THY_ABNORMAL_BIN,single,fe,fe,0.7414553900176903,0.6790153546185718,1.0919567355501019,False,9d0978a842ec6ce00a35
ENS_STACK,7,CV17_THY_ABNORMAL_BIN,single,PostIsch_DCM,PostIsch_DCM,0.7414553900176903,0.7283220922723685,1.0180322660601244,False,9d0978a842ec6ce00a35
ENS_STACK,7,CV17_THY_ABNORMAL_BIN,single,Previous_MI,Previous_MI,0.7414553900176903,0.7285263743738792,1.0177468051927738,False,9d0978a842ec6ce00a35
ENS_STACK,7,CV17_THY_ABNORMAL_BIN,single,Gender,Gender,0.7414553900176903,0.7286101678566652,1.0176297596817947,False,9d0978a842ec6ce00a35
ENS_STACK,7,CV17_THY_ABNORMAL_BIN,single,Diabetes,Diabetes,0.7414553900176903,0.7322594532539284,1.0125583039220567,False,9d0978a842ec6ce00a35
ENS_STACK,7,CV17_THY_ABNORMAL_BIN,single,Hypertension,Hypertension,0.7414553900176903,0.7349051603250112,1.00891302721263,False,9d0978a842ec6ce00a35
ENS_STACK,7,CV17_THY_ABNORMAL_BIN,single,Previous_PCI,Previous_PCI,0.7414553900176903,0.7349598693088998,1.0088379256882398,False,9d0978a842ec6ce00a35
ENS_STACK,7,CV17_THY_ABNORMAL_BIN,single,Vessels,Vessels,0.7414553900176903,0.7350032495070663,1.0087783836533393,False,9d0978a842ec6ce00a35
ENS_STACK,7,CV17_THY_ABNORMAL_BIN,single,Dyslipidemia,Dyslipidemia,0.7414553900176903,0.7362453965887471,1.0070764359995767,False,9d0978a842ec6ce00a35
ENS_STACK,7,CV17_THY_ABNORMAL_BIN,single,AFib,AFib,0.7414553900176903,0.7375362512827377,1.005313825223013,False,9d0978a842ec6ce00a35
ENS_STACK,7,CV17_THY_ABNORMAL_BIN,single,Smoke,Smoke,0.7414553900176903,0.7375675011457759,1.0052712312647654,False,9d0978a842ec6ce00a35
ENS_STACK,7,CV17_THY_ABNORMAL_BIN,single,Angiography,Angiography,0.7414553900176903,0.7414283937932343,1.0000364111014388,False,9d0978a842ec6ce00a35
ENS_STACK,7,CV17_THY_ABNORMAL_BIN,single,Previous_CABG,Previous_CABG,0.7414553900176903,0.7427403809083197,0.9982699326391034,False,9d0978a842ec6ce00a35
ENS_STACK,7,CV17_THY_ABNORMAL_BIN,single,Acute_MI,Acute_MI,0.7414553900176903,0.7440715361986081,0.9964840125530356,False,9d0978a842ec6ce00a35
ENS_STACK,7,CV17_THY_ABNORMAL_BIN,single,Ischemia,Ischemia,0.7414553900176903,0.7479173476328878,0.9913600645370119,False,9d0978a842ec6ce00a35
ENS_STACK,7,CV17_THY_ABNORMAL_BIN,single,Angina,Angina,0.7414553900176903,0.7543460780102001,0.982911440294735,False,9d0978a842ec6ce00a35
ENS_STACK,7,CV17_THY_ABNORMAL_BIN,single,Thyroid_abnormal,Thyroid_abnormal,0.7414553900176903,0.7544481142126571,0.9827785053071197,True,9d0978a842ec6ce00a35
ENS_STACK,7,CV17_THY_STATE_ORD,multi,cluster_3,"Gender, Age, Smoke",0.7633742083277186,0.6805865937567082,1.121641559399574,False,9d0978a842ec6ce00a35
ENS_STACK,7,CV17_THY_STATE_ORD,multi,cluster_2,"Previous_CABG, Previous_PCI, Previous_MI, PostIsch_DCM, fe",0.7633742083277186,0.6885223305577838,1.108713798300915,False,9d0978a842ec6ce00a35
ENS_STACK,7,CV17_THY_STATE_ORD,multi,cluster_1,"Angina, Angiography, Vessels, Ischemia, Dyslipidemia, AFib",0.7633742083277186,0.7313105762460864,1.043844069979432,False,9d0978a842ec6ce00a35
ENS_STACK,7,CV17_THY_STATE_ORD,multi,cluster_5,Diabetes,0.7633742083277186,0.7568940609951846,1.0085614984533156,False,9d0978a842ec6ce00a35
ENS_STACK,7,CV17_THY_STATE_ORD,multi,cluster_4,Hypertension,0.7633742083277186,0.7598944172737145,1.0045793086182797,False,9d0978a842ec6ce00a35
ENS_STACK,7,CV17_THY_STATE_ORD,multi,cluster_7,thyroid_ord,0.7633742083277186,0.7643362384741694,0.998741352171956,True,9d0978a842ec6ce00a35
ENS_STACK,7,CV17_THY_STATE_ORD,multi,cluster_6,Acute_MI,0.7633742083277186,0.7668539993817227,0.9954622508889441,False,9d0978a842ec6ce00a35
ENS_STACK,7,CV17_THY_STATE_ORD,single,Age,Age,0.7633742083277186,0.677231679053784,1.1271980209110883,False,9d0978a842ec6ce00a35
ENS_STACK,7,CV17_THY_STATE_ORD,single,Vessels,Vessels,0.7633742083277186,0.7240262095311782,1.0543460972525,False,9d0978a842ec6ce00a35
ENS_STACK,7,CV17_THY_STATE_ORD,single,fe,fe,0.7633742083277186,0.7248607242339833,1.0531322539711825,False,9d0978a842ec6ce00a35
ENS_STACK,7,CV17_THY_STATE_ORD,single,Dyslipidemia,Dyslipidemia,0.7633742083277186,0.7464882011230487,1.0226205949126401,False,9d0978a842ec6ce00a35
ENS_STACK,7,CV17_THY_STATE_ORD,single,Gender,Gender,0.7633742083277186,0.7521278704476787,1.014952693979211,False,9d0978a842ec6ce00a35
ENS_STACK,7,CV17_THY_STATE_ORD,single,Diabetes,Diabetes,0.7633742083277186,0.7568940609951846,1.0085614984533156,False,9d0978a842ec6ce00a35
ENS_STACK,7,CV17_THY_STATE_ORD,single,Ischemia,Ischemia,0.7633742083277186,0.7571459678321102,1.0082259442171255,False,9d0978a842ec6ce00a35
ENS_STACK,7,CV17_THY_STATE_ORD,single,PostIsch_DCM,PostIsch_DCM,0.7633742083277186,0.7594074647194887,1.0052234719732378,False,9d0978a842ec6ce00a35
ENS_STACK,7,CV17_THY_STATE_ORD,single,Previous_PCI,Previous_PCI,0.7633742083277186,0.7596249864589386,1.004935622097237,False,9d0978a842ec6ce00a35
ENS_STACK,7,CV17_THY_STATE_ORD,single,Hypertension,Hypertension,0.7633742083277186,0.7598944172737145,1.0045793086182797,False,9d0978a842ec6ce00a35
ENS_STACK,7,CV17_THY_STATE_ORD,single,Previous_CABG,Previous_CABG,0.7633742083277186,0.7601585570352706,1.0042302375769991,False,9d0978a842ec6ce00a35
ENS_STACK,7,CV17_THY_STATE_ORD,single,AFib,AFib,0.7633742083277186,0.7604173354735152,1.003888486908787,False,9d0978a842ec6ce00a35
ENS_STACK,7,CV17_THY_STATE_ORD,single,Previous_MI,Previous_MI,0.7633742083277186,0.7633742083277186,1.0,False,9d0978a842ec6ce00a35
ENS_STACK,7,CV17_THY_STATE_ORD,single,Angiography,Angiography,0.7633742083277186,0.7633742083277186,1.0,False,9d0978a842ec6ce00a35
ENS_STACK,7,CV17_THY_STATE_ORD,single,thyroid_ord,thyroid_ord,0.7633742083277186,0.7643362384741694,0.998741352171956,True,9d0978a842ec6ce00a35
ENS_STACK,7,CV17_THY_STATE_ORD,single,Acute_MI,Acute_MI,0.7633742083277186,0.7668539993817227,0.9954622508889441,False,9d0978a842ec6ce00a35
ENS_STACK,7,CV17_THY_STATE_ORD,single,Smoke,Smoke,0.7633742083277186,0.7668539993817227,0.9954622508889441,False,9d0978a842ec6ce00a35
ENS_STACK,7,CV17_THY_STATE_ORD,single,Angina,Angina,0.7633742083277186,0.7674638844301765,0.9946711810347996,False,9d0978a842ec6ce00a35
ENS_STACK,7,CV17_THY_CONT,multi,cluster_3,"Angina, Previous_CABG, Previous_PCI, Previous_MI, Angiography, Vessels, Ischemia, PostIsch_DCM, Dyslipidemia, AFib, fe",0.7542358796721512,0.5899518438218129,1.2784702473104876,False,9d0978a842ec6ce00a35
ENS_STACK,7,CV17_THY_CONT,multi,cluster_6,"Age, fT3",0.7542358796721512,0.6717511589651562,1.122790589351664,True,9d0978a842ec6ce00a35
ENS_STACK,7,CV17_THY_CONT,multi,cluster_1,Diabetes,0.7542358796721512,0.7427377975237304,1.0154806745890073,False,9d0978a842ec6ce00a35
ENS_STACK,7,CV17_THY_CONT,multi,cluster_5,"Gender, Smoke",0.7542358796721512,0.7453432788896048,1.0119308794141062,False,9d0978a842ec6ce00a35
ENS_STACK,7,CV17_THY_CONT,multi,cluster_4,"TSH, fT4",0.7542358796721512,0.7490897747178793,1.0068698107062135,True,9d0978a842ec6ce00a35
ENS_STACK,7,CV17_THY_CONT,multi,cluster_7,Acute_MI,0.7542358796721512,0.7506144841576032,1.0048245745199178,False,9d0978a842ec6ce00a35
ENS_STACK,7,CV17_THY_CONT,multi,cluster_2,Hypertension,0.7542358796721512,0.7543460780102001,0.9998539154093045,False,9d0978a842ec6ce00a35
ENS_STACK,7,CV17_THY_CONT,single,Age,Age,0.7542358796721512,0.6717511589651562,1.122790589351664,False,9d0978a842ec6ce00a35
ENS_STACK,7,CV17_THY_CONT,single,fe,fe,0.7542358796721512,0.698556781496768,1.0797059017250994,False,9d0978a842ec6ce00a35
ENS_STACK,7,CV17_THY_CONT,single,Dyslipidemia,Dyslipidemia,0.7542358796721512,0.7279194202592489,1.0361529843557817,False,9d0978a842ec6ce00a35
ENS_STACK,7,CV17_THY_CONT,single,Gender,Gender,0.7542358796721512,0.7401609583292843,1.0190160277767653,False,9d0978a842ec6ce00a35
ENS_STACK,7,CV17_THY_CONT,single,AFib,AFib,0.7542358796721512,0.7414536206665774,1.0172394586111568,False,9d0978a842ec6ce00a35
ENS_STACK,7,CV17_THY_CONT,single,Ischemia,Ischemia,0.7542358796721512,0.7427156865317833,1.0155109059217036,False,9d0978a842ec6ce00a35
ENS_STACK,7,CV17_THY_CONT,single,Diabetes,Diabetes,0.7542358796721512,0.7427377975237304,1.0154806745890073,False,9d0978a842ec6ce00a35
ENS_STACK,7,CV17_THY_CONT,single,TSH,TSH,0.7542358796721512,0.7440603478009324,1.013675680878967,True,9d0978a842ec6ce00a35
ENS_STACK,7,CV17_THY_CONT,single,PostIsch_DCM,PostIsch_DCM,0.7542358796721512,0.7440629640088543,1.013672116682824,False,9d0978a842ec6ce00a35
ENS_STACK,7,CV17_THY_CONT,single,Angiography,Angiography,0.7542358796721512,0.7466528162511542,1.0101560769020743,False,9d0978a842ec6ce00a35
ENS_STACK,7,CV17_THY_CONT,single,Previous_MI,Previous_MI,0.7542358796721512,0.7479173476328878,1.0084481688508244,False,9d0978a842ec6ce00a35
ENS_STACK,7,CV17_THY_CONT,single,Vessels,Vessels,0.7542358796721512,0.7492311677615192,1.0066797967382812,False,9d0978a842ec6ce00a35
ENS_STACK,7,CV17_THY_CONT,single,fT3,fT3,0.7542358796721512,0.7492311677615192,1.0066797967382812,True,9d0978a842ec6ce00a35
ENS_STACK,7,CV17_THY_CONT,single,fT4,fT4,0.7542358796721512,0.750206910821436,1.0053704768545837,True,9d0978a842ec6ce00a35
ENS_STACK,7,CV17_THY_CONT,single,Acute_MI,Acute_MI,0.7542358796721512,0.7506144841576032,1.0048245745199178,False,9d0978a842ec6ce00a35
ENS_STACK,7,CV17_THY_CONT,single,Angina,Angina,0.7542358796721512,0.7532837428036409,1.001263981703583,False,9d0978a842ec6ce00a35
ENS_STACK,7,CV17_THY_CONT,single,Hypertension,Hypertension,0.7542358796721512,0.7543460780102001,0.9998539154093045,False,9d0978a842ec6ce00a35
ENS_STACK,7,CV17_THY_CONT,single,Previous_PCI,Previous_PCI,0.7542358796721512,0.7544481142126571,0.9997186890171667,False,9d0978a842ec6ce00a35
ENS_STACK,7,CV17_THY_CONT,single,Previous_CABG,Previous_CABG,0.7542358796721512,0.759551931588293,0.9930010685312518,False,9d0978a842ec6ce00a35
ENS_STACK,7,CV17_THY_CONT,single,Smoke,Smoke,0.7542358796721512,0.7619160084323965,0.989919979794037,False,9d0978a842ec6ce00a35
ENS_STACK,7,CV17_THY_STATES,multi,cluster_1,"Gender, Age, Angina, Previous_CABG, Previous_PCI, Previous_MI, Angiography, Vessels, Ischemia, PostIsch_DCM, Smoke, Hypertension, Dyslipidemia, AFib, fe",0.7577821332103565,0.44710327455919396,1.6948704613211916,False,9d0978a842ec6ce00a35
ENS_STACK,7,CV17_THY_STATES,multi,cluster_2,Diabetes,0.7577821332103565,0.7400502254607728,1.0239604112525516,False,9d0978a842ec6ce00a35
ENS_STACK,7,CV17_THY_STATES,multi,cluster_7,Hyperthyroid,0.7577821332103565,0.7508617020388747,1.0092166522179653,True,9d0978a842ec6ce00a35
ENS_STACK,7,CV17_THY_STATES,multi,cluster_4,Acute_MI,0.7577821332103565,0.7521345537355475,1.007508735567007,False,9d0978a842ec6ce00a35
ENS_STACK,7,CV17_THY_STATES,multi,cluster_5,SCT,0.7577821332103565,0.7577821332103565,1.0,True,9d0978a842ec6ce00a35
ENS_STACK,7,CV17_THY_STATES,multi,cluster_6,Hypothyroid,0.7577821332103565,0.7577821332103565,1.0,True,9d0978a842ec6ce00a35
ENS_STACK,7,CV17_THY_STATES,multi,cluster_3,"SCH, Low_T3",0.7577821332103565,0.765760920940687,0.989580575983782,True,9d0978a842ec6ce00a35
ENS_STACK,7,CV17_THY_STATES,single,Age,Age,0.7577821332103565,0.6743285455338626,1.1237580527017792,False,9d0978a842ec6ce00a35
ENS_STACK,7,CV17_THY_STATES,single,fe,fe,0.7577821332103565,0.7033783783783785,1.0773463565334558,False,9d0978a842ec6ce00a35
ENS_STACK,7,CV17_THY_STATES,single,Vessels,Vessels,0.7577821332103565,0.7325616813889735,1.0344277519041998,False,9d0978a842ec6ce00a35
ENS_STACK,7,CV17_THY_STATES,single,Dyslipidemia,Dyslipidemia,0.7577821332103565,0.7363300702805822,1.0291337591599374,False,9d0978a842ec6ce00a35
ENS_STACK,7,CV17_THY_STATES,single,Diabetes,Diabetes,0.7577821332103565,0.7400502254607728,1.0239604112525516,False,9d0978a842ec6ce00a35
ENS_STACK,7,CV17_THY_STATES,single,Ischemia,Ischemia,0.7577821332103565,0.7410352276503822,1.0225993379735456,False,9d0978a842ec6ce00a35
ENS_STACK,7,CV17_THY_STATES,single,Hypertension,Hypertension,0.7577821332103565,0.746936557085447,1.014520076734802,False,9d0978a842ec6ce00a35
ENS_STACK,7,CV17_THY_STATES,single,PostIsch_DCM,PostIsch_DCM,0.7577821332103565,0.747316898967513,1.0140037436023488,False,9d0978a842ec6ce00a35
ENS_STACK,7,CV17_THY_STATES,single,Angina,Angina,0.7577821332103565,0.7488129398100704,1.0119778824903334,False,9d0978a842ec6ce00a35
ENS_STACK,7,CV17_THY_STATES,single,Hyperthyroid,Hyperthyroid,0.7577821332103565,0.7508617020388747,1.0092166522179653,True,9d0978a842ec6ce00a35
ENS_STACK,7,CV17_THY_STATES,single,Acute_MI,Acute_MI,0.7577821332103565,0.7521345537355475,1.007508735567007,False,9d0978a842ec6ce00a35
ENS_STACK,7,CV17_THY_STATES,single,Previous_PCI,Previous_PCI,0.7577821332103565,0.7530790673052268,1.0062451156980885,False,9d0978a842ec6ce00a35
ENS_STACK,7,CV17_THY_STATES,single,Previous_CABG,Previous_CABG,0.7577821332103565,0.7543496057117396,1.004550313903032,False,9d0978a842ec6ce00a35
ENS_STACK,7,CV17_THY_STATES,single,Smoke,Smoke,0.7577821332103565,0.7543496057117396,1.004550313903032,False,9d0978a842ec6ce00a35
ENS_STACK,7,CV17_THY_STATES,single,AFib,AFib,0.7577821332103565,0.7548565046703669,1.0038757413122739,False,9d0978a842ec6ce00a35
ENS_STACK,7,CV17_THY_STATES,single,Previous_MI,Previous_MI,0.7577821332103565,0.7565094136135334,1.0016823579111116,False,9d0978a842ec6ce00a35
ENS_STACK,7,CV17_THY_STATES,single,Low_T3,Low_T3,0.7577821332103565,0.7570925553319919,1.0009108237473847,True,9d0978a842ec6ce00a35
ENS_STACK,7,CV17_THY_STATES,single,SCT,SCT,0.7577821332103565,0.7577821332103565,1.0,True,9d0978a842ec6ce00a35
ENS_STACK,7,CV17_THY_STATES,single,Hypothyroid,Hypothyroid,0.7577821332103565,0.7577821332103565,1.0,True,9d0978a842ec6ce00a35
ENS_STACK,7,CV17_THY_STATES,single,Gender,Gender,0.7577821332103565,0.7579888708123064,0.999727255095806,False,9d0978a842ec6ce00a35
ENS_STACK,7,CV17_THY_STATES,single,Angiography,Angiography,0.7577821332103565,0.7592721834496511,0.9980375282121824,False,9d0978a842ec6ce00a35
ENS_STACK,7,CV17_THY_STATES,single,SCH,SCH,0.7577821332103565,0.7605602429829108,0.9963472850465355,True,9d0978a842ec6ce00a35
ENS_STACK,7,CV17_THY_CONT_STATES_RATIO,multi,cluster_5,"Gender, Angina, Previous_CABG, Previous_PCI, Previous_MI, Angiography, Vessels, Ischemia, PostIsch_DCM, Smoke, Dyslipidemia, AFib, fe",0.7491649085794656,0.5889361177847594,1.272064806277114,False,9d0978a842ec6ce00a35
ENS_STACK,7,CV17_THY_CONT_STATES_RATIO,multi,cluster_2,"Age, fT3, fT4, Low_T3, Hyperthyroid, fT3_fT4_ratio",0.7491649085794656,0.6553875845931156,1.1430868179240377,True,9d0978a842ec6ce00a35
ENS_STACK,7,CV17_THY_CONT_STATES_RATIO,multi,cluster_6,Diabetes,0.7491649085794656,0.7388324912831592,1.0139847900819328,False,9d0978a842ec6ce00a35
ENS_STACK,7,CV17_THY_CONT_STATES_RATIO,multi,cluster_1,"TSH, SCH, SCT",0.7491649085794656,0.7427598222413072,1.0086233613428777,True,9d0978a842ec6ce00a35
ENS_STACK,7,CV17_THY_CONT_STATES_RATIO,multi,cluster_7,Hypertension,0.7491649085794656,0.7479173476328878,1.001668046543547,False,9d0978a842ec6ce00a35
ENS_STACK,7,CV17_THY_CONT_STATES_RATIO,multi,cluster_4,Hypothyroid,0.7491649085794656,0.7491649085794656,1.0,True,9d0978a842ec6ce00a35
ENS_STACK,7,CV17_THY_CONT_STATES_RATIO,multi,cluster_3,Acute_MI,0.7491649085794656,0.7517955422846896,0.9965008655182637,False,9d0978a842ec6ce00a35
ENS_STACK,7,CV17_THY_CONT_STATES_RATIO,single,Age,Age,0.7491649085794656,0.6597775516683625,1.1354810521895926,False,9d0978a842ec6ce00a35
ENS_STACK,7,CV17_THY_CONT_STATES_RATIO,single,fe,fe,0.7491649085794656,0.7280681378242353,1.0289763686380728,False,9d0978a842ec6ce00a35
ENS_STACK,7,CV17_THY_CONT_STATES_RATIO,single,Dyslipidemia,Dyslipidemia,0.7491649085794656,0.7322594532539284,1.0230867013739662,False,9d0978a842ec6ce00a35
ENS_STACK,7,CV17_THY_CONT_STATES_RATIO,single,Vessels,Vessels,0.7491649085794656,0.7363091701869726,1.0174597015941396,False,9d0978a842ec6ce00a35
ENS_STACK,7,CV17_THY_CONT_STATES_RATIO,single,Diabetes,Diabetes,0.7491649085794656,0.7388324912831592,1.0139847900819328,False,9d0978a842ec6ce00a35
ENS_STACK,7,CV17_THY_CONT_STATES_RATIO,single,fT3_fT4_ratio,fT3_fT4_ratio,0.7491649085794656,0.7401046197647749,1.0122419027968914,True,9d0978a842ec6ce00a35
ENS_STACK,7,CV17_THY_CONT_STATES_RATIO,single,AFib,AFib,0.7491649085794656,0.7427403809083197,1.0086497621999346,False,9d0978a842ec6ce00a35
ENS_STACK,7,CV17_THY_CONT_STATES_RATIO,single,TSH,TSH,0.7491649085794656,0.7440603478009324,1.0068604123222258,True,9d0978a842ec6ce00a35
ENS_STACK,7,CV17_THY_CONT_STATES_RATIO,single,Smoke,Smoke,0.7491649085794656,0.7466089466089466,1.003423427996849,False,9d0978a842ec6ce00a35
ENS_STACK,7,CV17_THY_CONT_STATES_RATIO,single,Angina,Angina,0.7491649085794656,0.7466528162511542,1.003364471778094,False,9d0978a842ec6ce00a35
ENS_STACK,7,CV17_THY_CONT_STATES_RATIO,single,Hypertension,Hypertension,0.7491649085794656,0.7479173476328878,1.001668046543547,False,9d0978a842ec6ce00a35
ENS_STACK,7,CV17_THY_CONT_STATES_RATIO,single,Ischemia,Ischemia,0.7491649085794656,0.7490897747178793,1.0001003002098308,False,9d0978a842ec6ce00a35
ENS_STACK,7,CV17_THY_CONT_STATES_RATIO,single,SCT,SCT,0.7491649085794656,0.7491649085794656,1.0,True,9d0978a842ec6ce00a35
ENS_STACK,7,CV17_THY_CONT_STATES_RATIO,single,Hypothyroid,Hypothyroid,0.7491649085794656,0.7491649085794656,1.0,True,9d0978a842ec6ce00a35
ENS_STACK,7,CV17_THY_CONT_STATES_RATIO,single,Gender,Gender,0.7491649085794656,0.7503958152920286,0.9983596567471742,False,9d0978a842ec6ce00a35
ENS_STACK,7,CV17_THY_CONT_STATES_RATIO,single,PostIsch_DCM,PostIsch_DCM,0.7491649085794656,0.7506144841576032,0.9980688148060926,False,9d0978a842ec6ce00a35
ENS_STACK,7,CV17_THY_CONT_STATES_RATIO,single,Acute_MI,Acute_MI,0.7491649085794656,0.7517955422846896,0.9965008655182637,False,9d0978a842ec6ce00a35
ENS_STACK,7,CV17_THY_CONT_STATES_RATIO,single,Angiography,Angiography,0.7491649085794656,0.7517955422846896,0.9965008655182637,False,9d0978a842ec6ce00a35
ENS_STACK,7,CV17_THY_CONT_STATES_RATIO,single,Previous_PCI,Previous_PCI,0.7491649085794656,0.7529204651802017,0.9950120141842109,False,9d0978a842ec6ce00a35
ENS_STACK,7,CV17_THY_CONT_STATES_RATIO,single,fT3,fT3,0.7491649085794656,0.7530239099859353,0.9948753268584237,True,9d0978a842ec6ce00a35
ENS_STACK,7,CV17_THY_CONT_STATES_RATIO,single,Previous_CABG,Previous_CABG,0.7491649085794656,0.755556676012741,0.9915403203542501,False,9d0978a842ec6ce00a35
ENS_STACK,7,CV17_THY_CONT_STATES_RATIO,single,Hyperthyroid,Hyperthyroid,0.7491649085794656,0.755556676012741,0.9915403203542501,True,9d0978a842ec6ce00a35
ENS_STACK,7,CV17_THY_CONT_STATES_RATIO,single,Low_T3,Low_T3,0.7491649085794656,0.7556737369364912,0.9913867214925155,True,9d0978a842ec6ce00a35
ENS_STACK,7,CV17_THY_CONT_STATES_RATIO,single,SCH,SCH,0.7491649085794656,0.759551931588293,0.9863248020617797,True,9d0978a842ec6ce00a35
ENS_STACK,7,CV17_THY_CONT_STATES_RATIO,single,fT4,fT4,0.7491649085794656,0.7604147716936511,0.9852056225984024,True,9d0978a842ec6ce00a35
ENS_STACK,7,CV17_THY_CONT_STATES_RATIO,single,Previous_MI,Previous_MI,0.7491649085794656,0.7608948343772626,0.9845840380722297,False,9d0978a842ec6ce00a35
ENS_STACK,7,CV17_THY_CONT_RATIO,multi,cluster_4,"Angina, Previous_CABG, Previous_PCI, Previous_MI, Angiography, Vessels, Ischemia, PostIsch_DCM, Dyslipidemia, AFib, fe",0.753352907061041,0.5616887747824846,1.3412283472333568,False,9d0978a842ec6ce00a35
ENS_STACK,7,CV17_THY_CONT_RATIO,multi,cluster_5,"Age, fT3, fT4, fT3_fT4_ratio",0.753352907061041,0.646742445677144,1.1648422213455853,True,9d0978a842ec6ce00a35
ENS_STACK,7,CV17_THY_CONT_RATIO,multi,cluster_6,TSH,0.753352907061041,0.7413843888070693,1.0161434721780827,True,9d0978a842ec6ce00a35
ENS_STACK,7,CV17_THY_CONT_RATIO,multi,cluster_7,Acute_MI,0.753352907061041,0.7426723252631409,1.0143812842280286,False,9d0978a842ec6ce00a35
ENS_STACK,7,CV17_THY_CONT_RATIO,multi,cluster_3,"Gender, Smoke",0.753352907061041,0.7440724881653128,1.0124724661149767,False,9d0978a842ec6ce00a35
ENS_STACK,7,CV17_THY_CONT_RATIO,multi,cluster_2,Hypertension,0.753352907061041,0.7493747281426707,1.005308664369067,False,9d0978a842ec6ce00a35
ENS_STACK,7,CV17_THY_CONT_RATIO,multi,cluster_1,Diabetes,0.753352907061041,0.7535052610819151,0.9997978062944706,False,9d0978a842ec6ce00a35
ENS_STACK,7,CV17_THY_CONT_RATIO,single,Age,Age,0.753352907061041,0.6623584331442804,1.1373795053605655,False,9d0978a842ec6ce00a35
ENS_STACK,7,CV17_THY_CONT_RATIO,single,fe,fe,0.753352907061041,0.7164454761063733,1.051514640242055,False,9d0978a842ec6ce00a35
ENS_STACK,7,CV17_THY_CONT_RATIO,single,fT3_fT4_ratio,fT3_fT4_ratio,0.753352907061041,0.7191325210518887,1.047585646605298,True,9d0978a842ec6ce00a35
ENS_STACK,7,CV17_THY_CONT_RATIO,single,Dyslipidemia,Dyslipidemia,0.753352907061041,0.7302041917361576,1.0317017015060461,False,9d0978a842ec6ce00a35
ENS_STACK,7,CV17_THY_CONT_RATIO,single,Ischemia,Ischemia,0.753352907061041,0.7374939023430739,1.0215039130053576,False,9d0978a842ec6ce00a35
ENS_STACK,7,CV17_THY_CONT_RATIO,single,AFib,AFib,0.753352907061041,0.7386904761904762,1.019849221484729,False,9d0978a842ec6ce00a35
ENS_STACK,7,CV17_THY_CONT_RATIO,single,TSH,TSH,0.753352907061041,0.7413843888070693,1.0161434721780827,True,9d0978a842ec6ce00a35
ENS_STACK,7,CV17_THY_CONT_RATIO,single,PostIsch_DCM,PostIsch_DCM,0.753352907061041,0.7426226304475279,1.0144491645871965,False,9d0978a842ec6ce00a35
ENS_STACK,7,CV17_THY_CONT_RATIO,single,Acute_MI,Acute_MI,0.753352907061041,0.7426723252631409,1.0143812842280286,False,9d0978a842ec6ce00a35
ENS_STACK,7,CV17_THY_CONT_RATIO,single,Angina,Angina,0.753352907061041,0.7440629640088543,1.0124854259673595,False,9d0978a842ec6ce00a35
ENS_STACK,7,CV17_THY_CONT_RATIO,single,Previous_MI,Previous_MI,0.753352907061041,0.7453939331666495,1.0106775404792732,False,9d0978a842ec6ce00a35
ENS_STACK,7,CV17_THY_CONT_RATIO,single,Angiography,Angiography,0.753352907061041,0.7467263588024322,1.0088741319768544,False,9d0978a842ec6ce00a35
ENS_STACK,7,CV17_THY_CONT_RATIO,single,Gender,Gender,0.753352907061041,0.7480403565658506,1.007101957064963,False,9d0978a842ec6ce00a35
ENS_STACK,7,CV17_THY_CONT_RATIO,single,Hypertension,Hypertension,0.753352907061041,0.7493747281426707,1.005308664369067,False,9d0978a842ec6ce00a35
ENS_STACK,7,CV17_THY_CONT_RATIO,single,fT4,fT4,0.753352907061041,0.7505504652319057,1.0037338486337082,True,9d0978a842ec6ce00a35
ENS_STACK,7,CV17_THY_CONT_RATIO,single,Smoke,Smoke,0.753352907061041,0.750714920081134,1.0035139663663828,False,9d0978a842ec6ce00a35
ENS_STACK,7,CV17_THY_CONT_RATIO,single,Diabetes,Diabetes,0.753352907061041,0.7535052610819151,0.9997978062944706,False,9d0978a842ec6ce00a35
ENS_STACK,7,CV17_THY_CONT_RATIO,single,Vessels,Vessels,0.753352907061041,0.7546270002253774,0.9983116252612801,False,9d0978a842ec6ce00a35
ENS_STACK,7,CV17_THY_CONT_RATIO,single,Previous_CABG,Previous_CABG,0.753352907061041,0.7560600125709394,0.996419456835585,False,9d0978a842ec6ce00a35
ENS_STACK,7,CV17_THY_CONT_RATIO,single,fT3,fT3,0.753352907061041,0.7585846292540004,0.9931033110991132,True,9d0978a842ec6ce00a35
ENS_STACK,7,CV17_THY_CONT_RATIO,single,Previous_PCI,Previous_PCI,0.753352907061041,0.7599439617674639,0.9913269200914583,False,9d0978a842ec6ce00a35
ENS_STACK,10,CV17,multi,cluster_4,Age,0.7499321039364416,0.7011465428997792,1.069579692762795,False,9d0978a842ec6ce00a35
ENS_STACK,10,CV17,multi,cluster_6,"Previous_CABG, Previous_PCI, Previous_MI, PostIsch_DCM, fe",0.7499321039364416,0.7194038748137108,1.0424354527290196,False,9d0978a842ec6ce00a35
ENS_STACK,10,CV17,multi,cluster_5,"Angina, Angiography, Vessels, Ischemia, Dyslipidemia, AFib",0.7499321039364416,0.7381478189658184,1.0159646681434804,False,9d0978a842ec6ce00a35
ENS_STACK,10,CV17,multi,cluster_1,Diabetes,0.7499321039364416,0.7383364602876799,1.0157050941846264,False,9d0978a842ec6ce00a35
ENS_STACK,10,CV17,multi,cluster_7,Acute_MI,0.7499321039364416,0.7432735082067802,1.0089584731006032,False,9d0978a842ec6ce00a35
ENS_STACK,10,CV17,multi,cluster_2,Hypertension,0.7499321039364416,0.7503484619937755,0.9994451137325883,False,9d0978a842ec6ce00a35
ENS_STACK,10,CV17,multi,cluster_3,"Gender, Smoke",0.7499321039364416,0.7561380174891457,0.9917926180020525,False,9d0978a842ec6ce00a35
ENS_STACK,10,CV17,single,Age,Age,0.7499321039364416,0.7011465428997792,1.069579692762795,False,9d0978a842ec6ce00a35
ENS_STACK,10,CV17,single,Diabetes,Diabetes,0.7499321039364416,0.7383364602876799,1.0157050941846264,False,9d0978a842ec6ce00a35
ENS_STACK,10,CV17,single,Acute_MI,Acute_MI,0.7499321039364416,0.7432735082067802,1.0089584731006032,False,9d0978a842ec6ce00a35
ENS_STACK,10,CV17,single,Vessels,Vessels,0.7499321039364416,0.7454574951330305,1.0060025002533681,False,9d0978a842ec6ce00a35
ENS_STACK,10,CV17,single,Ischemia,Ischemia,0.7499321039364416,0.7467679274704243,1.0042371617066301,False,9d0978a842ec6ce00a35
ENS_STACK,10,CV17,single,Previous_CABG,Previous_CABG,0.7499321039364416,0.7468421537894154,1.004137353698299,False,9d0978a842ec6ce00a35
ENS_STACK,10,CV17,single,Angina,Angina,0.7499321039364416,0.7477182934672751,1.0029607547234143,False,9d0978a842ec6ce00a35
ENS_STACK,10,CV17,single,Hypertension,Hypertension,0.7499321039364416,0.7503484619937755,0.9994451137325883,False,9d0978a842ec6ce00a35
ENS_STACK,10,CV17,single,Gender,Gender,0.7499321039364416,0.7517227649995406,0.9976179235930149,False,9d0978a842ec6ce00a35
ENS_STACK,10,CV17,single,AFib,AFib,0.7499321039364416,0.7521402800709349,0.9970641432283283,False,9d0978a842ec6ce00a35
ENS_STACK,10,CV17,single,Previous_MI,Previous_MI,0.7499321039364416,0.7539331902734585,0.9946930492135972,False,9d0978a842ec6ce00a35
ENS_STACK,10,CV17,single,PostIsch_DCM,PostIsch_DCM,0.7499321039364416,0.754342886601875,0.9941528146632325,False,9d0978a842ec6ce00a35
ENS_STACK,10,CV17,single,Angiography,Angiography,0.7499321039364416,0.7547437407784424,0.9936248072265719,False,9d0978a842ec6ce00a35
ENS_STACK,10,CV17,single,Previous_PCI,Previous_PCI,0.7499321039364416,0.7557272365318061,0.9923317139898787,False,9d0978a842ec6ce00a35
ENS_STACK,10,CV17,single,fe,fe,0.7499321039364416,0.7569863923000332,0.9906810896003589,False,9d0978a842ec6ce00a35
ENS_STACK,10,CV17,single,Dyslipidemia,Dyslipidemia,0.7499321039364416,0.7575224629767994,0.9899800211725336,False,9d0978a842ec6ce00a35
ENS_STACK,10,CV17,single,Smoke,Smoke,0.7499321039364416,0.7583373112099746,0.9889162683290342,False,9d0978a842ec6ce00a35
ENS_STACK,10,CV17_THY_CONT_STATES,multi,cluster_3,"Age, fT3, Low_T3",0.7464914159461622,0.6967599631841643,1.071375301954388,True,9d0978a842ec6ce00a35
ENS_STACK,10,CV17_THY_CONT_STATES,multi,cluster_5,"Angina, Previous_CABG, Previous_PCI, Previous_MI, Angiography, Vessels, Ischemia, PostIsch_DCM, Dyslipidemia, AFib, fe",0.7464914159461622,0.7204746359675938,1.036110611921304,False,9d0978a842ec6ce00a35
ENS_STACK,10,CV17_THY_CONT_STATES,multi,cluster_7,Acute_MI,0.7464914159461622,0.7440212644197464,1.003320001248005,False,9d0978a842ec6ce00a35
ENS_STACK,10,CV17_THY_CONT_STATES,multi,cluster_4,Hypothyroid,0.7464914159461622,0.7464914159461622,1.0,True,9d0978a842ec6ce00a35
ENS_STACK,10,CV17_THY_CONT_STATES,multi,cluster_6,"Diabetes, Hypertension",0.7464914159461622,0.7477182934672751,0.9983591714528961,False,9d0978a842ec6ce00a35
ENS_STACK,10,CV17_THY_CONT_STATES,multi,cluster_2,"Gender, Smoke",0.7464914159461622,0.7500950015990369,0.9951958276682386,False,9d0978a842ec6ce00a35
ENS_STACK,10,CV17_THY_CONT_STATES,multi,cluster_1,"TSH, fT4, SCH, SCT, Hyperthyroid",0.7464914159461622,0.7655229835473893,0.9751391297057653,True,9d0978a842ec6ce00a35
ENS_STACK,10,CV17_THY_CONT_STATES,single,Age,Age,0.7464914159461622,0.7048071957824453,1.0591427278455081,False,9d0978a842ec6ce00a35
ENS_STACK,10,CV17_THY_CONT_STATES,single,Previous_CABG,Previous_CABG,0.7464914159461622,0.742223978027353,1.0057495285050626,False,9d0978a842ec6ce00a35
ENS_STACK,10,CV17_THY_CONT_STATES,single,Acute_MI,Acute_MI,0.7464914159461622,0.7440212644197464,1.003320001248005,False,9d0978a842ec6ce00a35
ENS_STACK,10,CV17_THY_CONT_STATES,single,PostIsch_DCM,PostIsch_DCM,0.7464914159461622,0.7440212644197464,1.003320001248005,False,9d0978a842ec6ce00a35
ENS_STACK,10,CV17_THY_CONT_STATES,single,Hypertension,Hypertension,0.7464914159461622,0.7440212644197464,1.003320001248005,False,9d0978a842ec6ce00a35
ENS_STACK,10,CV17_THY_CONT_STATES,single,Previous_PCI,Previous_PCI,0.7464914159461622,0.7443600541434803,1.002863347906457,False,9d0978a842ec6ce00a35
ENS_STACK,10,CV17_THY_CONT_STATES,single,fe,fe,0.7464914159461622,0.7449791241276323,1.002029978786722,False,9d0978a842ec6ce00a35
ENS_STACK,10,CV17_THY_CONT_STATES,single,Smoke,Smoke,0.7464914159461622,0.7464914159461622,1.0,False,9d0978a842ec6ce00a35
ENS_STACK,10,CV17_THY_CONT_STATES,single,SCH,SCH,0.7464914159461622,0.7464914159461622,1.0,True,9d0978a842ec6ce00a35
ENS_STACK,10,CV17_THY_CONT_STATES,single,Hypothyroid,Hypothyroid,0.7464914159461622,0.7464914159461622,1.0,True,9d0978a842ec6ce00a35
ENS_STACK,10,CV17_THY_CONT_STATES,single,Hyperthyroid,Hyperthyroid,0.7464914159461622,0.7464914159461622,1.0,True,9d0978a842ec6ce00a35
ENS_STACK,10,CV17_THY_CONT_STATES,single,Dyslipidemia,Dyslipidemia,0.7464914159461622,0.7468148743024621,0.9995668828146975,False,9d0978a842ec6ce00a35
ENS_STACK,10,CV17_THY_CONT_STATES,single,Angina,Angina,0.7464914159461622,0.7479593988132887,0.9980373495279883,False,9d0978a842ec6ce00a35
ENS_STACK,10,CV17_THY_CONT_STATES,single,AFib,AFib,0.7464914159461622,0.7479593988132887,0.9980373495279883,False,9d0978a842ec6ce00a35
ENS_STACK,10,CV17_THY_CONT_STATES,single,Diabetes,Diabetes,0.7464914159461622,0.7481425426527243,0.9977930319258311,False,9d0978a842ec6ce00a35
ENS_STACK,10,CV17_THY_CONT_STATES,single,Previous_MI,Previous_MI,0.7464914159461622,0.7482929763874266,0.9975924397286716,False,9d0978a842ec6ce00a35
ENS_STACK,10,CV17_THY_CONT_STATES,single,fT3,fT3,0.7464914159461622,0.7482929763874266,0.9975924397286716,True,9d0978a842ec6ce00a35
ENS_STACK,10,CV17_THY_CONT_STATES,single,SCT,SCT,0.7464914159461622,0.7482929763874266,0.9975924397286716,True,9d0978a842ec6ce00a35
ENS_STACK,10,CV17_THY_CONT_STATES,single,Low_T3,Low_T3,0.7464914159461622,0.7500950015990369,0.9951958276682386,True,9d0978a842ec6ce00a35
ENS_STACK,10,CV17_THY_CONT_STATES,single,Gender,Gender,0.7464914159461622,0.7518975332068312,0.992810034583287,False,9d0978a842ec6ce00a35
ENS_STACK,10,CV17_THY_CONT_STATES,single,Ischemia,Ischemia,0.7464914159461622,0.7522258986313731,0.9923766481642756,False,9d0978a842ec6ce00a35
ENS_STACK,10,CV17_THY_CONT_STATES,single,Angiography,Angiography,0.7464914159461622,0.7528577857785779,0.9915437285066637,False,9d0978a842ec6ce00a35
ENS_STACK,10,CV17_THY_CONT_STATES,single,Vessels,Vessels,0.7464914159461622,0.7537215943614048,0.9904073619897166,False,9d0978a842ec6ce00a35
ENS_STACK,10,CV17_THY_CONT_STATES,single,TSH,TSH,0.7464914159461622,0.7549708588669628,0.9887685162662752,True,9d0978a842ec6ce00a35
ENS_STACK,10,CV17_THY_CONT_STATES,single,fT4,fT4,0.7464914159461622,0.757308584686775,0.9857162998553796,True,9d0978a842ec6ce00a35
ENS_STACK,10,CV17_THY_ABNORMAL_BIN,multi,cluster_6,"Age, Thyroid_abnormal",0.7533623828117632,0.7058019929283188,1.0673848903233043,True,9d0978a842ec6ce00a35
ENS_STACK,10,CV17_THY_ABNORMAL_BIN,multi,cluster_4,"Previous_CABG, Previous_PCI, Previous_MI, PostIsch_DCM, fe",0.7533623828117632,0.7212153518123667,1.0445734147486088,False,9d0978a842ec6ce00a35
ENS_STACK,10,CV17_THY_ABNORMAL_BIN,multi,cluster_1,Diabetes,0.7533623828117632,0.7499614447426051,1.004534817213604,False,9d0978a842ec6ce00a35
ENS_STACK,10,CV17_THY_ABNORMAL_BIN,multi,cluster_7,Acute_MI,0.7533623828117632,0.7508619907449414,1.0033300288170681,False,9d0978a842ec6ce00a35
ENS_STACK,10,CV17_THY_ABNORMAL_BIN,multi,cluster_5,"Gender, Smoke",0.7533623828117632,0.7548165623204186,0.9980734663476579,False,9d0978a842ec6ce00a35
ENS_STACK,10,CV17_THY_ABNORMAL_BIN,multi,cluster_2,Hypertension,0.7533623828117632,0.7551646028390214,0.9976134739095518,False,9d0978a842ec6ce00a35
ENS_STACK,10,CV17_THY_ABNORMAL_BIN,multi,cluster_3,"Angina, Angiography, Vessels, Ischemia, Dyslipidemia, AFib",0.7533623828117632,0.7565399877899879,0.9957998188734118,False,9d0978a842ec6ce00a35
ENS_STACK,10,CV17_THY_ABNORMAL_BIN,single,Age,Age,0.7533623828117632,0.7222361984626136,1.0430969597140192,False,9d0978a842ec6ce00a35
ENS_STACK,10,CV17_THY_ABNORMAL_BIN,single,fe,fe,0.7533623828117632,0.7441448052345135,1.0123868063210422,False,9d0978a842ec6ce00a35
ENS_STACK,10,CV17_THY_ABNORMAL_BIN,single,Smoke,Smoke,0.7533623828117632,0.749759822777466,1.004804952099129,False,9d0978a842ec6ce00a35
ENS_STACK,10,CV17_THY_ABNORMAL_BIN,single,Diabetes,Diabetes,0.7533623828117632,0.7499614447426051,1.004534817213604,False,9d0978a842ec6ce00a35
ENS_STACK,10,CV17_THY_ABNORMAL_BIN,single,Acute_MI,Acute_MI,0.7533623828117632,0.7508619907449414,1.0033300288170681,False,9d0978a842ec6ce00a35
ENS_STACK,10,CV17_THY_ABNORMAL_BIN,single,Previous_MI,Previous_MI,0.7533623828117632,0.7515608034744843,1.0023971172112092,False,9d0978a842ec6ce00a35
ENS_STACK,10,CV17_THY_ABNORMAL_BIN,single,Angina,Angina,0.7533623828117632,0.7533623828117632,1.0,False,9d0978a842ec6ce00a35
ENS_STACK,10,CV17_THY_ABNORMAL_BIN,single,PostIsch_DCM,PostIsch_DCM,0.7533623828117632,0.7533623828117632,1.0,False,9d0978a842ec6ce00a35
ENS_STACK,10,CV17_THY_ABNORMAL_BIN,single,Ischemia,Ischemia,0.7533623828117632,0.7543521472346534,0.9986879278775588,False,9d0978a842ec6ce00a35
ENS_STACK,10,CV17_THY_ABNORMAL_BIN,single,Previous_CABG,Previous_CABG,0.7533623828117632,0.7548165623204186,0.9980734663476579,False,9d0978a842ec6ce00a35
ENS_STACK,10,CV17_THY_ABNORMAL_BIN,single,Hypertension,Hypertension,0.7533623828117632,0.7551646028390214,0.9976134739095518,False,9d0978a842ec6ce00a35
ENS_STACK,10,CV17_THY_ABNORMAL_BIN,single,Angiography,Angiography,0.7533623828117632,0.7555042827844131,0.9971649399990746,False,9d0978a842ec6ce00a35
ENS_STACK,10,CV17_THY_ABNORMAL_BIN,single,AFib,AFib,0.7533623828117632,0.7569675057519466,0.9952374138747181,False,9d0978a842ec6ce00a35
ENS_STACK,10,CV17_THY_ABNORMAL_BIN,single,Gender,Gender,0.7533623828117632,0.7591135608577468,0.9924238238617615,False,9d0978a842ec6ce00a35
ENS_STACK,10,CV17_THY_ABNORMAL_BIN,single,Dyslipidemia,Dyslipidemia,0.7533623828117632,0.7598632408577424,0.9914446999191052,False,9d0978a842ec6ce00a35
ENS_STACK,10,CV17_THY_ABNORMAL_BIN,single,Previous_PCI,Previous_PCI,0.7533623828117632,0.7615821933549085,0.9892069291865457,False,9d0978a842ec6ce00a35
ENS_STACK,10,CV17_THY_ABNORMAL_BIN,single,Vessels,Vessels,0.7533623828117632,0.7623317358180742,0.9882343177059448,False,9d0978a842ec6ce00a35
ENS_STACK,10,CV17_THY_ABNORMAL_BIN,single,Thyroid_abnormal,Thyroid_abnormal,0.7533623828117632,0.7638324434881929,0.9862927258907515,True,9d0978a842ec6ce00a35
ENS_STACK,10,CV17_THY_STATE_ORD,multi,cluster_3,"Gender, Age, Smoke",0.7511543014620518,0.7030785223092916,1.0683789614207717,False,9d0978a842ec6ce00a35
ENS_STACK,10,CV17_THY_STATE_ORD,multi,cluster_5,"Previous_CABG, Previous_PCI, Previous_MI, PostIsch_DCM, fe",0.7511543014620518,0.7178939962476548,1.0463303849708236,False,9d0978a842ec6ce00a35
ENS_STACK,10,CV17_THY_STATE_ORD,multi,cluster_4,"Angina, Angiography, Vessels, Ischemia, Dyslipidemia, AFib",0.7511543014620518,0.735250805338242,1.021630028839606,False,9d0978a842ec6ce00a35
ENS_STACK,10,CV17_THY_STATE_ORD,multi,cluster_6,Acute_MI,0.7511543014620518,0.7471727702854446,1.0053287958755324,False,9d0978a842ec6ce00a35
ENS_STACK,10,CV17_THY_STATE_ORD,multi,cluster_1,Diabetes,0.7511543014620518,0.748049728049728,1.004150223301889,False,9d0978a842ec6ce00a35
ENS_STACK,10,CV17_THY_STATE_ORD,multi,cluster_2,Hypertension,0.7511543014620518,0.7511543014620518,1.0,False,9d0978a842ec6ce00a35
ENS_STACK,10,CV17_THY_STATE_ORD,multi,cluster_7,thyroid_ord,0.7511543014620518,0.7533394188346265,0.9970994251489521,True,9d0978a842ec6ce00a35
ENS_STACK,10,CV17_THY_STATE_ORD,single,Age,Age,0.7511543014620518,0.7075332408022046,1.0616523127738697,False,9d0978a842ec6ce00a35
ENS_STACK,10,CV17_THY_STATE_ORD,single,Smoke,Smoke,0.7511543014620518,0.745382625893808,1.0077432386639316,False,9d0978a842ec6ce00a35
ENS_STACK,10,CV17_THY_STATE_ORD,single,fe,fe,0.7511543014620518,0.7463900862068966,1.0063830098271622,False,9d0978a842ec6ce00a35
ENS_STACK,10,CV17_THY_STATE_ORD,single,Acute_MI,Acute_MI,0.7511543014620518,0.7471727702854446,1.0053287958755324,False,9d0978a842ec6ce00a35
ENS_STACK,10,CV17_THY_STATE_ORD,single,Diabetes,Diabetes,0.7511543014620518,0.748049728049728,1.004150223301889,False,9d0978a842ec6ce00a35
ENS_STACK,10,CV17_THY_STATE_ORD,single,Angiography,Angiography,0.7511543014620518,0.7485576923076923,1.0034688163397993,False,9d0978a842ec6ce00a35
ENS_STACK,10,CV17_THY_STATE_ORD,single,Angina,Angina,0.7511543014620518,0.7489638253131381,1.0029246754981762,False,9d0978a842ec6ce00a35
ENS_STACK,10,CV17_THY_STATE_ORD,single,Vessels,Vessels,0.7511543014620518,0.7508605323006945,1.0003912433118,False,9d0978a842ec6ce00a35
ENS_STACK,10,CV17_THY_STATE_ORD,single,Hypertension,Hypertension,0.7511543014620518,0.7511543014620518,1.0,False,9d0978a842ec6ce00a35
ENS_STACK,10,CV17_THY_STATE_ORD,single,Previous_CABG,Previous_CABG,0.7511543014620518,0.7529485264986439,0.9976170681348756,False,9d0978a842ec6ce00a35
ENS_STACK,10,CV17_THY_STATE_ORD,single,Dyslipidemia,Dyslipidemia,0.7511543014620518,0.7529485264986439,0.9976170681348756,False,9d0978a842ec6ce00a35
ENS_STACK,10,CV17_THY_STATE_ORD,single,AFib,AFib,0.7511543014620518,0.7529485264986439,0.9976170681348756,False,9d0978a842ec6ce00a35
ENS_STACK,10,CV17_THY_STATE_ORD,single,thyroid_ord,thyroid_ord,0.7511543014620518,0.7533394188346265,0.9970994251489521,True,9d0978a842ec6ce00a35
ENS_STACK,10,CV17_THY_STATE_ORD,single,Previous_PCI,Previous_PCI,0.7511543014620518,0.7555192399049881,0.994222597900372,False,9d0978a842ec6ce00a35
ENS_STACK,10,CV17_THY_STATE_ORD,single,Previous_MI,Previous_MI,0.7511543014620518,0.7558940382272918,0.9937296280622141,False,9d0978a842ec6ce00a35
ENS_STACK,10,CV17_THY_STATE_ORD,single,Gender,Gender,0.7511543014620518,0.7569332276841496,0.9923653421322531,False,9d0978a842ec6ce00a35
ENS_STACK,10,CV17_THY_STATE_ORD,single,Ischemia,Ischemia,0.7511543014620518,0.7584204149628957,0.9904194120338923,False,9d0978a842ec6ce00a35
ENS_STACK,10,CV17_THY_STATE_ORD,single,PostIsch_DCM,PostIsch_DCM,0.7511543014620518,0.7594945368171022,0.9890187026360943,False,9d0978a842ec6ce00a35
ENS_STACK,10,CV17_THY_CONT,multi,cluster_3,"Angina, Previous_CABG, Previous_PCI, Previous_MI, Angiography, Vessels, Ischemia, PostIsch_DCM, Dyslipidemia, AFib, fe",0.7414908902810506,0.708515072210914,1.0465421546605014,False,9d0978a842ec6ce00a35
ENS_STACK,10,CV17_THY_CONT,multi,cluster_6,"Age, fT3",0.7414908902810506,0.7088765469817899,1.0460084953270412,True,9d0978a842ec6ce00a35
ENS_STACK,10,CV17_THY_CONT,multi,cluster_1,Diabetes,0.7414908902810506,0.730715221868564,1.014746741398012,False,9d0978a842ec6ce00a35
ENS_STACK,10,CV17_THY_CONT,multi,cluster_2,Hypertension,0.7414908902810506,0.7397093504027442,1.002408432281323,False,9d0978a842ec6ce00a35
ENS_STACK,10,CV17_THY_CONT,multi,cluster_5,"Gender, Smoke",0.7414908902810506,0.7432735082067802,0.9976016662694863,False,9d0978a842ec6ce00a35
ENS_STACK,10,CV17_THY_CONT,multi,cluster_7,Acute_MI,0.7414908902810506,0.7432735082067802,0.9976016662694863,False,9d0978a842ec6ce00a35
ENS_STACK,10,CV17_THY_CONT,multi,cluster_4,"TSH, fT4",0.7414908902810506,0.7602627068045684,0.9753087763538779,True,9d0978a842ec6ce00a35
ENS_STACK,10,CV17_THY_CONT,single,Age,Age,0.7414908902810506,0.6976878612716764,1.0627831318858472,False,9d0978a842ec6ce00a35
ENS_STACK,10,CV17_THY_CONT,single,Diabetes,Diabetes,0.7414908902810506,0.730715221868564,1.014746741398012,False,9d0978a842ec6ce00a35
ENS_STACK,10,CV17_THY_CONT,single,Dyslipidemia,Dyslipidemia,0.7414908902810506,0.7373767806928093,1.0055793858661726,False,9d0978a842ec6ce00a35
ENS_STACK,10,CV17_THY_CONT,single,Angina,Angina,0.7414908902810506,0.7388053967668573,1.0036349132341826,False,9d0978a842ec6ce00a35
ENS_STACK,10,CV17_THY_CONT,single,Hypertension,Hypertension,0.7414908902810506,0.7397093504027442,1.002408432281323,False,9d0978a842ec6ce00a35
ENS_STACK,10,CV17_THY_CONT,single,Vessels,Vessels,0.7414908902810506,0.7399222999222999,1.0021199392948632,False,9d0978a842ec6ce00a35
ENS_STACK,10,CV17_THY_CONT,single,fe,fe,0.7414908902810506,0.7401990159591245,1.0017453067270727,False,9d0978a842ec6ce00a35
ENS_STACK,10,CV17_THY_CONT,single,Previous_MI,Previous_MI,0.7414908902810506,0.7414908902810506,1.0,False,9d0978a842ec6ce00a35
ENS_STACK,10,CV17_THY_CONT,single,Previous_PCI,Previous_PCI,0.7414908902810506,0.7428237752781364,0.9982056511363188,False,9d0978a842ec6ce00a35
ENS_STACK,10,CV17_THY_CONT,single,AFib,AFib,0.7414908902810506,0.7428237752781364,0.9982056511363188,False,9d0978a842ec6ce00a35
ENS_STACK,10,CV17_THY_CONT,single,Acute_MI,Acute_MI,0.7414908902810506,0.7432735082067802,0.9976016662694863,False,9d0978a842ec6ce00a35
ENS_STACK,10,CV17_THY_CONT,single,PostIsch_DCM,PostIsch_DCM,0.7414908902810506,0.7432735082067802,0.9976016662694863,False,9d0978a842ec6ce00a35
ENS_STACK,10,CV17_THY_CONT,single,Smoke,Smoke,0.7414908902810506,0.7432735082067802,0.9976016662694863,False,9d0978a842ec6ce00a35
ENS_STACK,10,CV17_THY_CONT,single,Previous_CABG,Previous_CABG,0.7414908902810506,0.7446063220711108,0.9958160014255659,False,9d0978a842ec6ce00a35
ENS_STACK,10,CV17_THY_CONT,single,Gender,Gender,0.7414908902810506,0.7495066766289251,0.98930525024283,False,9d0978a842ec6ce00a35
ENS_STACK,10,CV17_THY_CONT,single,fT3,fT3,0.7414908902810506,0.7535145698028622,0.9840432023431779,True,9d0978a842ec6ce00a35
ENS_STACK,10,CV17_THY_CONT,single,fT4,fT4,0.7414908902810506,0.7535382095732518,0.9840123312406097,True,9d0978a842ec6ce00a35
ENS_STACK,10,CV17_THY_CONT,single,Ischemia,Ischemia,0.7414908902810506,0.7547437407784424,0.982440595686527,False,9d0978a842ec6ce00a35
ENS_STACK,10,CV17_THY_CONT,single,Angiography,Angiography,0.7414908902810506,0.7557272365318061,0.9811620574691882,False,9d0978a842ec6ce00a35
ENS_STACK,10,CV17_THY_CONT,single,TSH,TSH,0.7414908902810506,0.7587316474324515,0.9772768709335592,True,9d0978a842ec6ce00a35
ENS_STACK,10,CV17_THY_STATES,multi,cluster_3,"Age, SCH, Low_T3",0.7612547865617867,0.6920199898141075,1.1000473942469164,True,9d0978a842ec6ce00a35
ENS_STACK,10,CV17_THY_STATES,multi,cluster_2,"Gender, Angina, Previous_CABG, Previous_PCI, Previous_MI, Angiography, Vessels, Ischemia, PostIsch_DCM, Smoke, Dyslipidemia, AFib, fe",0.7612547865617867,0.730768639744299,1.0417179188589087,False,9d0978a842ec6ce00a35
ENS_STACK,10,CV17_THY_STATES,multi,cluster_1,"Diabetes, Hypertension",0.7612547865617867,0.7481425426527243,1.0175263979275524,False,9d0978a842ec6ce00a35
ENS_STACK,10,CV17_THY_STATES,multi,cluster_4,Acute_MI,0.7612547865617867,0.7587711338958958,1.0032732566579579,False,9d0978a842ec6ce00a35
ENS_STACK,10,CV17_THY_STATES,multi,cluster_6,SCT,0.7612547865617867,0.7612547865617867,1.0,True,9d0978a842ec6ce00a35
ENS_STACK,10,CV17_THY_STATES,multi,cluster_5,Hypothyroid,0.7612547865617867,0.7612547865617867,1.0,True,9d0978a842ec6ce00a35
ENS_STACK,10,CV17_THY_STATES,multi,cluster_7,Hyperthyroid,0.7612547865617867,0.7615821933549085,0.9995700965752895,True,9d0978a842ec6ce00a35
ENS_STACK,10,CV17_THY_STATES,single,Age,Age,0.7612547865617867,0.7119681520644512,1.0692258977517772,False,9d0978a842ec6ce00a35
ENS_STACK,10,CV17_THY_STATES,single,fe,fe,0.7612547865617867,0.7463540373856759,1.0199647197304715,False,9d0978a842ec6ce00a35
ENS_STACK,10,CV17_THY_STATES,single,Hypertension,Hypertension,0.7612547865617867,0.7494161809367513,1.0157971043676124,False,9d0978a842ec6ce00a35
ENS_STACK,10,CV17_THY_STATES,single,Diabetes,Diabetes,0.7612547865617867,0.7495066766289251,1.0156744566782265,False,9d0978a842ec6ce00a35
ENS_STACK,10,CV17_THY_STATES,single,Ischemia,Ischemia,0.7612547865617867,0.7507402250884705,1.0140055922434117,False,9d0978a842ec6ce00a35
ENS_STACK,10,CV17_THY_STATES,single,Dyslipidemia,Dyslipidemia,0.7612547865617867,0.7533623828117632,1.010476238169162,False,9d0978a842ec6ce00a35
ENS_STACK,10,CV17_THY_STATES,single,Gender,Gender,0.7612547865617867,0.7551646028390214,1.0080647102629936,False,9d0978a842ec6ce00a35
ENS_STACK,10,CV17_THY_STATES,single,Smoke,Smoke,0.7612547865617867,0.7551646028390214,1.0080647102629936,False,9d0978a842ec6ce00a35
ENS_STACK,10,CV17_THY_STATES,single,PostIsch_DCM,PostIsch_DCM,0.7612547865617867,0.7555042827844131,1.0076114774044431,False,9d0978a842ec6ce00a35
ENS_STACK,10,CV17_THY_STATES,single,Angiography,Angiography,0.7612547865617867,0.7558356676003735,1.0071697052596338,False,9d0978a842ec6ce00a35
ENS_STACK,10,CV17_THY_STATES,single,Previous_MI,Previous_MI,0.7612547865617867,0.757308584686775,1.0052108241670652,False,9d0978a842ec6ce00a35
ENS_STACK,10,CV17_THY_STATES,single,Acute_MI,Acute_MI,0.7612547865617867,0.7587711338958958,1.0032732566579579,False,9d0978a842ec6ce00a35
ENS_STACK,10,CV17_THY_STATES,single,Vessels,Vessels,0.7612547865617867,0.7609179288696553,1.000442699112941,False,9d0978a842ec6ce00a35
ENS_STACK,10,CV17_THY_STATES,single,Angina,Angina,0.7612547865617867,0.7609192536258986,1.0004409573476938,False,9d0978a842ec6ce00a35
ENS_STACK,10,CV17_THY_STATES,single,Previous_CABG,Previous_CABG,0.7612547865617867,0.7609192536258986,1.0004409573476938,False,9d0978a842ec6ce00a35
ENS_STACK,10,CV17_THY_STATES,single,SCH,SCH,0.7612547865617867,0.7612547865617867,1.0,True,9d0978a842ec6ce00a35
ENS_STACK,10,CV17_THY_STATES,single,SCT,SCT,0.7612547865617867,0.7612547865617867,1.0,True,9d0978a842ec6ce00a35
ENS_STACK,10,CV17_THY_STATES,single,Hypothyroid,Hypothyroid,0.7612547865617867,0.7612547865617867,1.0,True,9d0978a842ec6ce00a35
ENS_STACK,10,CV17_THY_STATES,single,Hyperthyroid,Hyperthyroid,0.7612547865617867,0.7615821933549085,0.9995700965752895,True,9d0978a842ec6ce00a35
ENS_STACK,10,CV17_THY_STATES,single,AFib,AFib,0.7612547865617867,0.7623807360290777,0.9985231139585771,False,9d0978a842ec6ce00a35
ENS_STACK,10,CV17_THY_STATES,single,Previous_PCI,Previous_PCI,0.7612547865617867,0.7633912414042707,0.9972013631718462,False,9d0978a842ec6ce00a35
ENS_STACK,10,CV17_THY_STATES,single,Low_T3,Low_T3,0.7612547865617867,0.7684903882896414,0.9905846555297089,True,9d0978a842ec6ce00a35
ENS_STACK,10,CV17_THY_CONT_STATES_RATIO,multi,cluster_2,"Age, fT3, fT4, Low_T3, Hyperthyroid, fT3_fT4_ratio",0.7463900862068966,0.7078212290502793,1.0544895456277388,True,9d0978a842ec6ce00a35
ENS_STACK,10,CV17_THY_CONT_STATES_RATIO,multi,cluster_6,"Angina, Previous_CABG, Previous_PCI, Previous_MI, Angiography, Vessels, Ischemia, PostIsch_DCM, Dyslipidemia, AFib, fe",0.7463900862068966,0.7096437085660168,1.0517814463755812,False,9d0978a842ec6ce00a35
ENS_STACK,10,CV17_THY_CONT_STATES_RATIO,multi,cluster_4,"Diabetes, Hypertension",0.7463900862068966,0.7290155440414507,1.0238328829987993,False,9d0978a842ec6ce00a35
ENS_STACK,10,CV17_THY_CONT_STATES_RATIO,multi,cluster_7,Acute_MI,0.7463900862068966,0.7431962728836823,1.0042974022337625,False,9d0978a842ec6ce00a35
ENS_STACK,10,CV17_THY_CONT_STATES_RATIO,multi,cluster_5,"Gender, Smoke",0.7463900862068966,0.7446063220711108,1.0023955801648639,False,9d0978a842ec6ce00a35
ENS_STACK,10,CV17_THY_CONT_STATES_RATIO,multi,cluster_3,Hypothyroid,0.7463900862068966,0.7463900862068966,1.0,True,9d0978a842ec6ce00a35
ENS_STACK,10,CV17_THY_CONT_STATES_RATIO,multi,cluster_1,"TSH, SCH, SCT",0.7463900862068966,0.7530869410017157,0.991107461263488,True,9d0978a842ec6ce00a35
ENS_STACK,10,CV17_THY_CONT_STATES_RATIO,single,Age,Age,0.7463900862068966,0.7218463593523889,1.0340013169513347,False,9d0978a842ec6ce00a35
ENS_STACK,10,CV17_THY_CONT_STATES_RATIO,single,Diabetes,Diabetes,0.7463900862068966,0.7336900322752483,1.0173098357248553,False,9d0978a842ec6ce00a35
ENS_STACK,10,CV17_THY_CONT_STATES_RATIO,single,Dyslipidemia,Dyslipidemia,0.7463900862068966,0.739639330217768,1.0091270916963557,False,9d0978a842ec6ce00a35
ENS_STACK,10,CV17_THY_CONT_STATES_RATIO,single,Smoke,Smoke,0.7463900862068966,0.7418956848955924,1.006057996296254,False,9d0978a842ec6ce00a35
ENS_STACK,10,CV17_THY_CONT_STATES_RATIO,single,PostIsch_DCM,PostIsch_DCM,0.7463900862068966,0.7423645320197045,1.005422611147976,False,9d0978a842ec6ce00a35
ENS_STACK,10,CV17_THY_CONT_STATES_RATIO,single,Acute_MI,Acute_MI,0.7463900862068966,0.7431962728836823,1.0042974022337625,False,9d0978a842ec6ce00a35
ENS_STACK,10,CV17_THY_CONT_STATES_RATIO,single,Vessels,Vessels,0.7463900862068966,0.743475755971474,1.0039198725876604,False,9d0978a842ec6ce00a35
ENS_STACK,10,CV17_THY_CONT_STATES_RATIO,single,Hypertension,Hypertension,0.7463900862068966,0.7436759297492754,1.0036496494629539,False,9d0978a842ec6ce00a35
ENS_STACK,10,CV17_THY_CONT_STATES_RATIO,single,Previous_PCI,Previous_PCI,0.7463900862068966,0.7441459139847075,1.0030157690582109,False,9d0978a842ec6ce00a35
ENS_STACK,10,CV17_THY_CONT_STATES_RATIO,single,Angiography,Angiography,0.7463900862068966,0.7446063220711108,1.0023955801648639,False,9d0978a842ec6ce00a35
ENS_STACK,10,CV17_THY_CONT_STATES_RATIO,single,AFib,AFib,0.7463900862068966,0.7459285648190987,1.0006187206249566,False,9d0978a842ec6ce00a35
ENS_STACK,10,CV17_THY_CONT_STATES_RATIO,single,SCH,SCH,0.7463900862068966,0.7463900862068966,1.0,True,9d0978a842ec6ce00a35
ENS_STACK,10,CV17_THY_CONT_STATES_RATIO,single,Hypothyroid,Hypothyroid,0.7463900862068966,0.7463900862068966,1.0,True,9d0978a842ec6ce00a35
ENS_STACK,10,CV17_THY_CONT_STATES_RATIO,single,Hyperthyroid,Hyperthyroid,0.7463900862068966,0.7463900862068966,1.0,True,9d0978a842ec6ce00a35
ENS_STACK,10,CV17_THY_CONT_STATES_RATIO,single,Previous_CABG,Previous_CABG,0.7463900862068966,0.7472404260666163,0.9988620264240844,False,9d0978a842ec6ce00a35
ENS_STACK,10,CV17_THY_CONT_STATES_RATIO,single,Previous_MI,Previous_MI,0.7463900862068966,0.7481751121896727,0.9976141601696,False,9d0978a842ec6ce00a35
ENS_STACK,10,CV17_THY_CONT_STATES_RATIO,single,fT3,fT3,0.7463900862068966,0.7481751121896727,0.9976141601696,True,9d0978a842ec6ce00a35
ENS_STACK,10,CV17_THY_CONT_STATES_RATIO,single,TSH,TSH,0.7463900862068966,0.7495066766289251,0.9958418109948719,True,9d0978a842ec6ce00a35
ENS_STACK,10,CV17_THY_CONT_STATES_RATIO,single,Gender,Gender,0.7463900862068966,0.7499614447426051,0.9952379438159862,False,9d0978a842ec6ce00a35
ENS_STACK,10,CV17_THY_CONT_STATES_RATIO,single,Angina,Angina,0.7463900862068966,0.7499614447426051,0.9952379438159862,False,9d0978a842ec6ce00a35
ENS_STACK,10,CV17_THY_CONT_STATES_RATIO,single,Low_T3,Low_T3,0.7463900862068966,0.7499614447426051,0.9952379438159862,True,9d0978a842ec6ce00a35
ENS_STACK,10,CV17_THY_CONT_STATES_RATIO,single,SCT,SCT,0.7463900862068966,0.7517491288122904,0.9928712353629718,True,9d0978a842ec6ce00a35
ENS_STACK,10,CV17_THY_CONT_STATES_RATIO,single,fe,fe,0.7463900862068966,0.7566943165331483,0.9863825720623074,False,9d0978a842ec6ce00a35
ENS_STACK,10,CV17_THY_CONT_STATES_RATIO,single,fT4,fT4,0.7463900862068966,0.7571207430340556,0.985827020424566,True,9d0978a842ec6ce00a35
ENS_STACK,10,CV17_THY_CONT_STATES_RATIO,single,Ischemia,Ischemia,0.7463900862068966,0.7611166339772697,0.9806513915043238,False,9d0978a842ec6ce00a35
ENS_STACK,10,CV17_THY_CONT_STATES_RATIO,single,fT3_fT4_ratio,fT3_fT4_ratio,0.7463900862068966,0.7620369830251414,0.9794670112254531,True,9d0978a842ec6ce00a35
ENS_STACK,10,CV17_THY_CONT_RATIO,multi,cluster_3,"Age, fT3, fT4, fT3_fT4_ratio",0.7431962728836823,0.6989673269002878,1.063277558594243,True,9d0978a842ec6ce00a35
ENS_STACK,10,CV17_THY_CONT_RATIO,multi,cluster_6,"Angina, Previous_CABG, Previous_PCI, Previous_MI, Angiography, Vessels, Ischemia, PostIsch_DCM, Dyslipidemia, AFib, fe",0.7431962728836823,0.7132214402625405,1.0420273857865348,False,9d0978a842ec6ce00a35
ENS_STACK,10,CV17_THY_CONT_RATIO,multi,cluster_1,Diabetes,0.7431962728836823,0.7337161802143153,1.0129206536873672,False,9d0978a842ec6ce00a35
ENS_STACK,10,CV17_THY_CONT_RATIO,multi,cluster_2,Hypertension,0.7431962728836823,0.7391521197007482,1.0054713408446578,False,9d0978a842ec6ce00a35
ENS_STACK,10,CV17_THY_CONT_RATIO,multi,cluster_7,Acute_MI,0.7431962728836823,0.740430547800732,1.0037352930550545,False,9d0978a842ec6ce00a35
ENS_STACK,10,CV17_THY_CONT_RATIO,multi,cluster_4,TSH,0.7431962728836823,0.7441459139847075,0.9987238509502254,True,9d0978a842ec6ce00a35
ENS_STACK,10,CV17_THY_CONT_RATIO,multi,cluster_5,"Gender, Smoke",0.7431962728836823,0.7490247678018576,0.9922185551550184,False,9d0978a842ec6ce00a35
ENS_STACK,10,CV17_THY_CONT_RATIO,single,Age,Age,0.7431962728836823,0.713254343267778,1.0419793162123978,False,9d0978a842ec6ce00a35
ENS_STACK,10,CV17_THY_CONT_RATIO,single,Diabetes,Diabetes,0.7431962728836823,0.7337161802143153,1.0129206536873672,False,9d0978a842ec6ce00a35
ENS_STACK,10,CV17_THY_CONT_RATIO,single,Vessels,Vessels,0.7431962728836823,0.7372271942220129,1.008096660986534,False,9d0978a842ec6ce00a35
ENS_STACK,10,CV17_THY_CONT_RATIO,single,Hypertension,Hypertension,0.7431962728836823,0.7391521197007482,1.0054713408446578,False,9d0978a842ec6ce00a35
ENS_STACK,10,CV17_THY_CONT_RATIO,single,Acute_MI,Acute_MI,0.7431962728836823,0.740430547800732,1.0037352930550545,False,9d0978a842ec6ce00a35
ENS_STACK,10,CV17_THY_CONT_RATIO,single,Previous_PCI,Previous_PCI,0.7431962728836823,0.7414171379129199,1.0023996410114968,False,9d0978a842ec6ce00a35
ENS_STACK,10,CV17_THY_CONT_RATIO,single,Gender,Gender,0.7431962728836823,0.7427068443907295,1.0006589793761147,False,9d0978a842ec6ce00a35
ENS_STACK,10,CV17_THY_CONT_RATIO,single,Angiography,Angiography,0.7431962728836823,0.7431962728836823,1.0,False,9d0978a842ec6ce00a35
ENS_STACK,10,CV17_THY_CONT_RATIO,single,TSH,TSH,0.7431962728836823,0.7441459139847075,0.9987238509502254,True,9d0978a842ec6ce00a35
ENS_STACK,10,CV17_THY_CONT_RATIO,single,fe,fe,0.7431962728836823,0.7443457526080477,0.9984557180311194,False,9d0978a842ec6ce00a35
ENS_STACK,10,CV17_THY_CONT_RATIO,single,fT3_fT4_ratio,fT3_fT4_ratio,0.7431962728836823,0.7452548231104046,0.9972377901317958,True,9d0978a842ec6ce00a35
ENS_STACK,10,CV17_THY_CONT_RATIO,single,Previous_MI,Previous_MI,0.7431962728836823,0.7454574951330305,0.9969666650827024,False,9d0978a842ec6ce00a35
ENS_STACK,10,CV17_THY_CONT_RATIO,single,PostIsch_DCM,PostIsch_DCM,0.7431962728836823,0.7454574951330305,0.9969666650827024,False,9d0978a842ec6ce00a35
ENS_STACK,10,CV17_THY_CONT_RATIO,single,Ischemia,Ischemia,0.7431962728836823,0.7459285648190987,0.9963370595197959,False,9d0978a842ec6ce00a35
ENS_STACK,10,CV17_THY_CONT_RATIO,single,Previous_CABG,Previous_CABG,0.7431962728836823,0.7462672664397465,0.9958848609684904,False,9d0978a842ec6ce00a35
ENS_STACK,10,CV17_THY_CONT_RATIO,single,Angina,Angina,0.7431962728836823,0.7485420931819592,0.9928583571358659,False,9d0978a842ec6ce00a35
ENS_STACK,10,CV17_THY_CONT_RATIO,single,Smoke,Smoke,0.7431962728836823,0.749497852353141,0.9915922648081323,False,9d0978a842ec6ce00a35
ENS_STACK,10,CV17_THY_CONT_RATIO,single,AFib,AFib,0.7431962728836823,0.749497852353141,0.9915922648081323,False,9d0978a842ec6ce00a35
ENS_STACK,10,CV17_THY_CONT_RATIO,single,Dyslipidemia,Dyslipidemia,0.7431962728836823,0.7498337513854052,0.9911480665021287,False,9d0978a842ec6ce00a35
ENS_STACK,10,CV17_THY_CONT_RATIO,single,fT3,fT3,0.7431962728836823,0.7499614447426051,0.9909793071279223,True,9d0978a842ec6ce00a35
ENS_STACK,10,CV17_THY_CONT_RATIO,single,fT4,fT4,0.7431962728836823,0.7516193827660302,0.9887933838915248,True,9d0978a842ec6ce00a35
