horizon,feature_set,ensemble,threshold,n_flagged,flagged_fraction,true_positives,false_positives,net_benefit_model,net_benefit_treat_all,net_benefit_treat_none,degenerate
7,CV17,paper,0.1,448,0.510250569476082,149,299,0.13186535054416604,0.10149329283725639,0.0,False
7,CV17,paper,0.2,289,0.32915717539863326,128,161,0.09994305239179954,-0.01082004555808655,0.0,False
7,CV17,paper,0.3,201,0.22892938496583143,113,88,0.08574682720468599,-0.15522290920924178,0.0,False
7,CV17,paper,0.4,141,0.16059225512528474,91,50,0.0656795747911921,-0.3477600607441155,0.0,False
7,CV17,paper,0.5,103,0.11731207289293849,70,33,0.042141230068337136,-0.6173120728929384,0.0,False
7,CV17_THY_CONT,paper,0.1,439,0.5,149,290,0.13300430270817515,0.10149329283725639,0.0,False
7,CV17_THY_CONT,paper,0.2,283,0.3223234624145786,129,154,0.1030751708428246,-0.01082004555808655,0.0,False
7,CV17_THY_CONT,paper,0.3,206,0.23462414578587698,111,95,0.08005206638464042,-0.15522290920924178,0.0,False
7,CV17_THY_CONT,paper,0.4,137,0.1560364464692483,92,45,0.07061503416856493,-0.3477600607441155,0.0,False
7,CV17_THY_CONT,paper,0.5,100,0.11389521640091116,66,34,0.03644646924829156,-0.6173120728929384,0.0,False
7,CV17_THY_STATES,paper,0.1,434,0.49430523917995445,150,284,0.13490255631485698,0.10149329283725639,0.0,False
7,CV17_THY_STATES,paper,0.2,287,0.32687927107061504,129,158,0.10193621867881549,-0.01082004555808655,0.0,False
7,CV17_THY_STATES,paper,0.3,203,0.23120728929384965,112,91,0.08314350797266516,-0.15522290920924178,0.0,False
7,CV17_THY_STATES,paper,0.4,132,0.15034168564920272,85,47,0.061123766135155654,-0.3477600607441155,0.0,False
7,CV17_THY_STATES,paper,0.5,103,0.11731207289293849,66,37,0.03302961275626423,-0.6173120728929384,0.0,False
7,CV17_THY_CONT_STATES,paper,0.1,425,0.48405466970387245,147,278,0.1322450012655024,0.10149329283725639,0.0,False
7,CV17_THY_CONT_STATES,paper,0.2,287,0.32687927107061504,129,158,0.10193621867881549,-0.01082004555808655,0.0,False
7,CV17_THY_CONT_STATES,paper,0.3,208,0.23690205011389523,112,96,0.08070289619264563,-0.15522290920924178,0.0,False
7,CV17_THY_CONT_STATES,paper,0.4,140,0.15945330296127563,89,51,0.06264236902050113,-0.3477600607441155,0.0,False
7,CV17_THY_CONT_STATES,paper,0.5,95,0.1082004555808656,65,30,0.0398633257403189,-0.6173120728929384,0.0,False
7,CV17_THY_CONT_RATIO,paper,0.1,437,0.4977220956719818,150,287,0.13452290559352062,0.10149329283725639,0.0,False
7,CV17_THY_CONT_RATIO,paper,0.2,285,0.3246013667425968,129,156,0.10250569476082004,-0.01082004555808655,0.0,False
7,CV17_THY_CONT_RATIO,paper,0.3,206,0.23462414578587698,110,96,0.07842499186462741,-0.15522290920924178,0.0,False
7,CV17_THY_CONT_RATIO,paper,0.4,133,0.15148063781321183,87,46,0.0641609719058466,-0.3477600607441155,0.0,False
7,CV17_THY_CONT_RATIO,paper,0.5,102,0.11617312072892938,67,35,0.03644646924829156,-0.6173120728929384,0.0,False
10,CV17,paper,0.1,384,0.734225621414914,186,198,0.3135755258126195,0.2967920118971744,0.0,False
10,CV17,paper,0.2,307,0.5869980879541109,173,134,0.26673040152963673,0.20889101338432126,0.0,False
10,CV17,paper,0.3,264,0.5047801147227533,161,103,0.2234362196121278,0.09587544386779573,0.0,False
10,CV17,paper,0.4,233,0.44550669216061184,150,83,0.1810070108349267,-0.05481198215423838,0.0,False
10,CV17,paper,0.5,191,0.3652007648183556,136,55,0.15487571701720843,-0.26577437858508596,0.0,False
10,CV17,diverse,0.1,374,0.7151051625239006,184,190,0.31145103038028465,0.2967920118971744,0.0,False
10,CV17,diverse,0.2,311,0.5946462715105163,172,139,0.2624282982791587,0.20889101338432126,0.0,False
10,CV17,diverse,0.3,261,0.49904397705544934,158,103,0.2177000819448238,0.09587544386779573,0.0,False
10,CV17,diverse,0.4,223,0.42638623326959846,148,75,0.18738049713193114,-0.05481198215423838,0.0,False
10,CV17,diverse,0.5,195,0.372848948374761,135,60,0.14340344168260039,-0.26577437858508596,0.0,False
10,CV17_THY_CONT,paper,0.1,377,0.7208413001912046,186,191,0.3150626726152539,0.2967920118971744,0.0,False
10,CV17_THY_CONT,paper,0.2,305,0.5831739961759083,174,131,0.27007648183556404,0.20889101338432126,0.0,False
10,CV17_THY_CONT,paper,0.3,268,0.5124282982791587,163,105,0.22562141491395793,0.09587544386779573,0.0,False
10,CV17_THY_CONT,paper,0.4,236,0.45124282982791586,152,84,0.18355640535372852,-0.05481198215423838,0.0,False
10,CV17_THY_CONT,paper,0.5,191,0.3652007648183556,133,58,0.14340344168260039,-0.26577437858508596,0.0,False
10,CV17_THY_CONT,diverse,0.1,378,0.722753346080306,184,194,0.31060123220735075,0.2967920118971744,0.0,False
10,CV17_THY_CONT,diverse,0.2,293,0.5602294455066922,168,125,0.26147227533460804,0.20889101338432126,0.0,False
10,CV17_THY_CONT,diverse,0.3,249,0.47609942638623326,154,95,0.21660748429390875,0.09587544386779573,0.0,False
10,CV17_THY_CONT,diverse,0.4,212,0.40535372848948376,141,71,0.17909496494582536,-0.05481198215423838,0.0,False
10,CV17_THY_CONT,diverse,0.5,178,0.3403441682600382,129,49,0.15296367112810708,-0.26577437858508596,0.0,False
10,CV17_THY_STATES,paper,0.1,380,0.7265774378585086,187,193,0.31654981941788823,0.2967920118971744,0.0,False
10,CV17_THY_STATES,paper,0.2,303,0.5793499043977055,173,130,0.26864244741873805,0.20889101338432126,0.0,False
10,CV17_THY_STATES,paper,0.3,268,0.5124282982791587,162,106,0.22288992078667033,0.09587544386779573,0.0,False
10,CV17_THY_STATES,paper,0.4,227,0.4340344168260038,150,77,0.18865519439133205,-0.05481198215423838,0.0,False
10,CV17_THY_STATES,paper,0.5,192,0.367112810707457,135,57,0.14913957934990438,-0.26577437858508596,0.0,False
10,CV17_THY_STATES,diverse,0.1,393,0.751434034416826,185,208,0.30953898449118333,0.2967920118971744,0.0,False
10,CV17_THY_STATES,diverse,0.2,312,0.5965583173996176,172,140,0.26195028680688337,0.20889101338432126,0.0,False
10,CV17_THY_STATES,diverse,0.3,264,0.5047801147227533,156,108,0.2097787489756897,0.09587544386779573,0.0,False
10,CV17_THY_STATES,diverse,0.4,234,0.4474187380497132,151,83,0.18291905672402803,-0.05481198215423838,0.0,False
10,CV17_THY_STATES,diverse,0.5,202,0.3862332695984704,144,58,0.1644359464627151,-0.26577437858508596,0.0,False
10,CV17_THY_CONT_STATES,paper,0.1,378,0.722753346080306,185,193,0.3127257276396856,0.2967920118971744,0.0,False
10,CV17_THY_CONT_STATES,paper,0.2,300,0.5736137667304015,169,131,0.2605162523900574,0.20889101338432126,0.0,False
10,CV17_THY_CONT_STATES,paper,0.3,264,0.5047801147227533,162,102,0.22616771373941547,0.09587544386779573,0.0,False
10,CV17_THY_CONT_STATES,paper,0.4,225,0.43021032504780116,148,77,0.18483110261312935,-0.05481198215423838,0.0,False
10,CV17_THY_CONT_STATES,paper,0.5,179,0.3422562141491396,128,51,0.14722753346080306,-0.26577437858508596,0.0,False
10,CV17_THY_CONT_STATES,diverse,0.1,393,0.751434034416826,184,209,0.3074144890588485,0.2967920118971744,0.0,False
10,CV17_THY_CONT_STATES,diverse,0.2,308,0.5889101338432122,173,135,0.2662523900573614,0.20889101338432126,0.0,False
10,CV17_THY_CONT_STATES,diverse,0.3,257,0.491395793499044,155,102,0.21278339251570605,0.09587544386779573,0.0,False
10,CV17_THY_CONT_STATES,diverse,0.4,217,0.4149139579349904,141,76,0.17272147864882087,-0.05481198215423838,0.0,False
10,CV17_THY_CONT_STATES,diverse,0.5,182,0.3479923518164436,128,54,0.14149139579349904,-0.26577437858508596,0.0,False
10,CV17_THY_CONT_RATIO,paper,0.1,376,0.7189292543021033,186,190,0.31527512215848735,0.2967920118971744,0.0,False
10,CV17_THY_CONT_RATIO,paper,0.2,307,0.5869980879541109,174,133,0.2691204588910134,0.20889101338432126,0.0,False
10,CV17_THY_CONT_RATIO,paper,0.3,268,0.5124282982791587,163,105,0.22562141491395793,0.09587544386779573,0.0,False
10,CV17_THY_CONT_RATIO,paper,0.4,232,0.4435946462715105,152,80,0.18865519439133208,-0.05481198215423838,0.0,False
10,CV17_THY_CONT_RATIO,paper,0.5,189,0.361376673040153,132,57,0.14340344168260036,-0.26577437858508596,0.0,False
10,CV17_THY_CONT_RATIO,diverse,0.1,392,0.7495219885277247,185,207,0.30975143403441685,0.2967920118971744,0.0,False
10,CV17_THY_CONT_RATIO,diverse,0.2,310,0.5927342256214149,171,139,0.2605162523900573,0.20889101338432126,0.0,False
10,CV17_THY_CONT_RATIO,diverse,0.3,259,0.49521988527724664,161,98,0.22753346080305925,0.09587544386779573,0.0,False
10,CV17_THY_CONT_RATIO,diverse,0.4,231,0.4416826003824092,149,82,0.18036966220522627,-0.05481198215423838,0.0,False
10,CV17_THY_CONT_RATIO,diverse,0.5,191,0.3652007648183556,134,57,0.14722753346080306,-0.26577437858508596,0.0,False
